Data Source,World Development Indicators,,,,,,,,,,,,,,,,,,,,,,,,,,,,,,,,,,,,,,,,,,,,,,,,,,,,,,,,,,,,,,
,,,,,,,,,,,,,,,,,,,,,,,,,,,,,,,,,,,,,,,,,,,,,,,,,,,,,,,,,,,,,,,
Last Updated Date,3/18/20,,,,,,,,,,,,,,,,,,,,,,,,,,,,,,,,,,,,,,,,,,,,,,,,,,,,,,,,,,,,,,
,,,,,,,,,,,,,,,,,,,,,,,,,,,,,,,,,,,,,,,,,,,,,,,,,,,,,,,,,,,,,,,
Country Name,Country Code,Indicator Name,Indicator Code,1960,1961,1962,1963,1964,1965,1966,1967,1968,1969,1970,1971,1972,1973,1974,1975,1976,1977,1978,1979,1980,1981,1982,1983,1984,1985,1986,1987,1988,1989,1990,1991,1992,1993,1994,1995,1996,1997,1998,1999,2000,2001,2002,2003,2004,2005,2006,2007,2008,2009,2010,2011,2012,2013,2014,2015,2016,2017,2018,2019
Aruba,ABW,Domestic general government health expenditure per capita (current US$),SH.XPD.GHED.PC.CD,,,,,,,,,,,,,,,,,,,,,,,,,,,,,,,,,,,,,,,,,,,,,,,,,,,,,,,,,,,,
Afghanistan,AFG,Domestic general government health expenditure per capita (current US$),SH.XPD.GHED.PC.CD,,,,,,,,,,,,,,,,,,,,,,,,,,,,,,,,,,,,,,,,,,,0.14485228,1.27340344,1.15837113,1.300395,1.33175787,1.80004223,2.36885593,2.29179063,2.49575809,2.89019183,2.26727254,2.81783284,2.98174803,3.10793734,2.93575239,,,
Angola,AGO,Domestic general government health expenditure per capita (current US$),SH.XPD.GHED.PC.CD,,,,,,,,,,,,,,,,,,,,,,,,,,,,,,,,,,,,,,,,,7.54572601,13.16932112,11.38310897,14.34143321,21.05602551,24.17938412,37.33243399,53.52397587,87.01253624,81.07963262,60.03147046,79.07990319,79.76908243,89.13880836,71.34794142,51.47685043,42.02879929,,,
Albania,ALB,Domestic general government health expenditure per capita (current US$),SH.XPD.GHED.PC.CD,,,,,,,,,,,,,,,,,,,,,,,,,,,,,,,,,,,,,,,,,26.72516605,30.06941877,32.24477346,40.20335782,64.21336027,73.18395922,76.13274488,89.88622135,113.9834042,111.7390692,100.886331,123.1717264,111.0714214,121.1241378,137.2922302,112.5030255,112.301534,,,
Andorra,AND,Domestic general government health expenditure per capita (current US$),SH.XPD.GHED.PC.CD,,,,,,,,,,,,,,,,,,,,,,,,,,,,,,,,,,,,,,,,,852.4205046,877.0269848,931.8463235,1045.8029,1120.053222,1357.697263,1397.511069,1561.742709,1719.985153,1687.362571,1673.586071,1839.675028,1791.837396,1938.955654,2076.606328,1785.674589,1883.995436,,,
Arab World,ARB,Domestic general government health expenditure per capita (current US$),SH.XPD.GHED.PC.CD,,,,,,,,,,,,,,,,,,,,,,,,,,,,,,,,,,,,,,,,,62.74380808,67.21200663,65.8847113,64.71028662,70.68160616,79.53950599,93.82203178,109.0144102,126.7481532,148.2401927,144.9025977,171.2309015,181.9540114,203.5833329,226.4952013,205.2198879,199.311244,,,
United Arab Emirates,ARE,Domestic general government health expenditure per capita (current US$),SH.XPD.GHED.PC.CD,,,,,,,,,,,,,,,,,,,,,,,,,,,,,,,,,,,,,,,,,538.1280296,594.2765161,521.0278518,538.849355,508.4285166,520.1433218,564.6353596,642.3888505,856.4239473,986.9355164,962.9260629,1074.7052,1045.770193,1120.103975,1145.115335,998.9216123,958.9619755,,,
Argentina,ARG,Domestic general government health expenditure per capita (current US$),SH.XPD.GHED.PC.CD,,,,,,,,,,,,,,,,,,,,,,,,,,,,,,,,,,,,,,,,,385.9675789,368.3476182,121.4539446,142.6735626,160.4422136,200.5632396,238.1318527,308.4470404,408.2269453,467.4301834,576.0796248,723.0321264,847.3314207,900.0404358,836.3553289,1013.443741,710.9350108,,,
Armenia,ARM,Domestic general government health expenditure per capita (current US$),SH.XPD.GHED.PC.CD,,,,,,,,,,,,,,,,,,,,,,,,,,,,,,,,,,,,,,,,,6.40894844,10.05756397,9.90230005,11.88827776,16.56859503,24.20843309,34.30378237,50.8373478,59.98473892,54.19515085,54.33072681,58.71877674,56.77320679,56.77339197,60.13959289,58.25630137,59.03871069,,,
American Samoa,ASM,Domestic general government health expenditure per capita (current US$),SH.XPD.GHED.PC.CD,,,,,,,,,,,,,,,,,,,,,,,,,,,,,,,,,,,,,,,,,,,,,,,,,,,,,,,,,,,,
Antigua and Barbuda,ATG,Domestic general government health expenditure per capita (current US$),SH.XPD.GHED.PC.CD,,,,,,,,,,,,,,,,,,,,,,,,,,,,,,,,,,,,,,,,,257.0047076,269.9714658,270.4812247,280.0275445,268.5759056,327.8238184,369.1188174,412.517534,479.8837393,423.3278724,465.3521627,455.244952,420.5746201,436.2896184,519.2090188,439.6167932,377.3169971,,,
Australia,AUS,Domestic general government health expenditure per capita (current US$),SH.XPD.GHED.PC.CD,,,,,,,,,,,,,,,,,,,,,,,,,,,,,,,,,,,,,,,,,1116.231447,1055.756341,1210.38682,1524.98636,1884.674687,2054.872185,2170.456114,2629.693382,2821.208976,2770.111986,3399.40611,4067.59395,4083.903773,3943.952746,3797.341178,3333.877263,3416.982309,,,
Austria,AUT,Domestic general government health expenditure per capita (current US$),SH.XPD.GHED.PC.CD,,,,,,,,,,,,,,,,,,,,,,,,,,,,,,,,,,,,,,,,,1678.681487,1679.495845,1825.766617,2255.811829,2585.482878,2694.593828,2826.245038,3256.188262,3716.955774,3576.214801,3472.18034,3751.522997,3619.186577,3777.223105,3906.078608,3351.399957,3399.489142,,,
Azerbaijan,AZE,Domestic general government health expenditure per capita (current US$),SH.XPD.GHED.PC.CD,,,,,,,,,,,,,,,,,,,,,,,,,,,,,,,,,,,,,,,,,5.62703741,5.89447894,5.96523949,7.15551204,10.36347856,13.65749802,20.77304737,36.35906956,44.93211822,65.27852386,68.17195964,77.97699787,90.49395849,90.85787879,97.39398613,78.85341936,53.53440392,,,
Burundi,BDI,Domestic general government health expenditure per capita (current US$),SH.XPD.GHED.PC.CD,,,,,,,,,,,,,,,,,,,,,,,,,,,,,,,,,,,,,,,,,1.99224043,2.26325011,1.96602821,1.52259386,3.01665855,3.1109511,3.98531022,4.27070538,3.08299003,4.26689718,4.6018185,7.80814716,6.68341097,3.93496051,7.54282647,7.29648897,5.37748774,,,
Belgium,BEL,Domestic general government health expenditure per capita (current US$),SH.XPD.GHED.PC.CD,,,,,,,,,,,,,,,,,,,,,,,,,,,,,,,,,,,,,,,,,1473.179874,1511.467928,1643.160702,2220.842818,2639.846089,2740.391124,2825.503379,3221.99325,3701.932365,3708.488882,3614.445102,3945.330182,3755.43441,3962.998108,4065.824178,3417.482938,3489.871404,,,
Benin,BEN,Domestic general government health expenditure per capita (current US$),SH.XPD.GHED.PC.CD,,,,,,,,,,,,,,,,,,,,,,,,,,,,,,,,,,,,,,,,,4.12733772,4.79890429,4.15239487,4.71764763,5.83362491,5.6162233,6.15353674,5.75042862,6.30948101,8.10406904,7.5016142,8.98460844,8.5515817,9.56451099,7.42005711,6.30155659,6.24369641,,,
Burkina Faso,BFA,Domestic general government health expenditure per capita (current US$),SH.XPD.GHED.PC.CD,,,,,,,,,,,,,,,,,,,,,,,,,,,,,,,,,,,,,,,,,2.45210284,2.59290602,3.10288191,3.66381843,7.09873788,5.59762605,6.76894368,7.65266176,8.72216267,10.20649339,8.45448922,10.22735059,8.06940292,12.69332419,12.88131848,9.50985513,16.41631937,,,
Bangladesh,BGD,Domestic general government health expenditure per capita (current US$),SH.XPD.GHED.PC.CD,,,,,,,,,,,,,,,,,,,,,,,,,,,,,,,,,,,,,,,,,2.38275261,1.79037106,2.23833022,2.49184324,2.62573653,2.49740232,2.76090203,3.17511404,3.2699285,3.53874588,4.24292302,4.63584024,4.65649141,5.1022343,5.48850732,5.61387656,6.14438538,,,
Bulgaria,BGR,Domestic general government health expenditure per capita (current US$),SH.XPD.GHED.PC.CD,,,,,,,,,,,,,,,,,,,,,,,,,,,,,,,,,,,,,,,,,56.27174488,67.18396259,87.91286595,118.8436452,138.5330385,159.4985422,163.7617484,201.382014,252.3669981,247.1250623,267.772777,300.9387531,283.8014902,308.8268457,351.9524984,290.9151349,309.6886621,,,
Bahrain,BHR,Domestic general government health expenditure per capita (current US$),SH.XPD.GHED.PC.CD,,,,,,,,,,,,,,,,,,,,,,,,,,,,,,,,,,,,,,,,,320.710873,324.3385358,335.6177578,354.1347394,357.5699687,385.6162835,407.6715126,454.0443208,500.622975,501.8325882,501.4294799,503.5795333,634.6362904,694.7145085,716.349354,732.3908449,674.6148282,,,
"Bahamas, The",BHS,Domestic general government health expenditure per capita (current US$),SH.XPD.GHED.PC.CD,,,,,,,,,,,,,,,,,,,,,,,,,,,,,,,,,,,,,,,,,510.2554634,517.9210583,559.5862297,560.5771728,601.5018944,598.3313541,741.4465652,747.8208034,785.8298248,783.4163717,784.2985101,788.3939678,817.1186354,797.9005408,748.3600187,873.7507691,915.058073,,,
Bosnia and Herzegovina,BIH,Domestic general government health expenditure per capita (current US$),SH.XPD.GHED.PC.CD,,,,,,,,,,,,,,,,,,,,,,,,,,,,,,,,,,,,,,,,,60.25684405,66.60404259,78.79318038,123.2033134,138.6503824,142.8671529,164.9897966,214.0529428,268.2728681,288.4174342,283.035788,316.8863567,307.2321476,331.4609669,346.1138531,303.3716342,314.140536,,,
Belarus,BLR,Domestic general government health expenditure per capita (current US$),SH.XPD.GHED.PC.CD,,,,,,,,,,,,,,,,,,,,,,,,,,,,,,,,,,,,,,,,,45.12307246,55.10333663,62.77962242,82.99376691,108.7814159,146.8242275,159.077684,196.098601,230.0626356,186.6457316,232.557715,201.4583767,238.8199061,284.3518597,280.2638553,219.4177038,195.3959526,,,
Belize,BLZ,Domestic general government health expenditure per capita (current US$),SH.XPD.GHED.PC.CD,,,,,,,,,,,,,,,,,,,,,,,,,,,,,,,,,,,,,,,,,70.34628915,79.47584162,70.1732569,86.9730855,86.74460047,95.36371643,103.8386312,123.5393272,129.1362501,144.6632837,167.2252307,165.4321931,164.776499,176.2124333,159.6493116,201.3161908,201.3714598,,,
Bermuda,BMU,Domestic general government health expenditure per capita (current US$),SH.XPD.GHED.PC.CD,,,,,,,,,,,,,,,,,,,,,,,,,,,,,,,,,,,,,,,,,,,,,,,,,,,,,,,,,,,,
Bolivia,BOL,Domestic general government health expenditure per capita (current US$),SH.XPD.GHED.PC.CD,,,,,,,,,,,,,,,,,,,,,,,,,,,,,,,,,,,,,,,,,24.6664593,25.78846944,24.462529,25.97157235,25.58455851,29.72257525,33.11385816,39.56974727,48.06282982,57.30942297,61.75839551,73.23678842,80.68237115,97.81717186,116.9614709,134.479694,139.9493316,,,
Brazil,BRA,Domestic general government health expenditure per capita (current US$),SH.XPD.GHED.PC.CD,,,,,,,,,,,,,,,,,,,,,,,,,,,,,,,,,,,,,,,,,63.4629752,53.81078597,90.38476215,96.63732154,122.9444967,169.4381569,212.2948709,259.9784891,316.7767376,320.921257,384.7103013,464.0518826,438.3288893,434.5793506,440.7399056,332.5774106,337.533552,,,
Barbados,BRB,Domestic general government health expenditure per capita (current US$),SH.XPD.GHED.PC.CD,,,,,,,,,,,,,,,,,,,,,,,,,,,,,,,,,,,,,,,,,313.4660457,332.2510768,358.9288757,443.1104461,547.8813767,539.6897848,567.9970713,558.1910139,618.2353333,625.857455,586.6897163,555.3556776,704.6184989,630.1740316,544.5013445,530.9679083,534.0517885,,,
Brunei Darussalam,BRN,Domestic general government health expenditure per capita (current US$),SH.XPD.GHED.PC.CD,,,,,,,,,,,,,,,,,,,,,,,,,,,,,,,,,,,,,,,,,427.9408646,386.5799542,395.4711335,443.8848071,514.4399493,540.5514708,558.5454991,612.9980842,709.2162094,671.1110224,737.1143854,802.1836953,803.923923,766.9744827,736.7263987,702.4593736,598.6464062,,,
Bhutan,BTN,Domestic general government health expenditure per capita (current US$),SH.XPD.GHED.PC.CD,,,,,,,,,,,,,,,,,,,,,,,,,,,,,,,,,,,,,,,,,25.36730443,26.018002,26.58177815,26.28515128,30.91216205,30.14361873,30.23237628,41.27528987,38.98294799,42.85884073,50.29269504,54.68603727,55.73647978,56.43745793,56.81462716,67.65296848,67.54524033,,,
Botswana,BWA,Domestic general government health expenditure per capita (current US$),SH.XPD.GHED.PC.CD,,,,,,,,,,,,,,,,,,,,,,,,,,,,,,,,,,,,,,,,,140.9946995,155.218793,91.18593175,165.1924784,214.8683897,194.6337422,185.7051945,190.5774776,220.0037407,232.5687778,223.1139974,297.9958359,282.4139631,200.3365533,215.5442128,214.5459573,212.4995772,,,
Central African Republic,CAF,Domestic general government health expenditure per capita (current US$),SH.XPD.GHED.PC.CD,,,,,,,,,,,,,,,,,,,,,,,,,,,,,,,,,,,,,,,,,4.44613159,3.91148683,4.52010831,5.17419239,4.97337757,5.58494694,5.70724561,7.34228084,6.11875163,3.52706233,4.99496828,4.21799998,4.88752012,2.26793996,3.44612232,2.24072654,2.43144068,,,
Canada,CAN,Domestic general government health expenditure per capita (current US$),SH.XPD.GHED.PC.CD,,,,,,,,,,,,,,,,,,,,,,,,,,,,,,,,,,,,,,,,,1456.246885,1495.873042,1558.306881,1866.47436,2128.919486,2398.065815,2696.415983,3006.196047,3202.832666,3148.118837,3640.654075,3905.832894,3944.049551,3893.027416,3704.850538,3315.979707,3274.288851,,,
Central Europe and the Baltics,CEB,Domestic general government health expenditure per capita (current US$),SH.XPD.GHED.PC.CD,,,,,,,,,,,,,,,,,,,,,,,,,,,,,,,,,,,,,,,,,163.1863687,185.7982003,221.368462,277.786025,324.4695272,382.9266802,424.1102104,532.7828683,683.0627354,621.8855608,628.9571768,661.3628379,612.3308757,669.356893,679.1554096,589.7154618,613.553704,,,
Switzerland,CHE,Domestic general government health expenditure per capita (current US$),SH.XPD.GHED.PC.CD,,,,,,,,,,,,,,,,,,,,,,,,,,,,,,,,,,,,,,,,,2078.74278,2247.79889,2598.969817,3138.120518,3494.593374,3613.515259,3565.221179,3882.845616,4557.880144,4704.37301,4955.009225,5964.221364,5901.225403,6212.493081,6332.328008,6213.976925,6174.882702,,,
Channel Islands,CHI,Domestic general government health expenditure per capita (current US$),SH.XPD.GHED.PC.CD,,,,,,,,,,,,,,,,,,,,,,,,,,,,,,,,,,,,,,,,,,,,,,,,,,,,,,,,,,,,
Chile,CHL,Domestic general government health expenditure per capita (current US$),SH.XPD.GHED.PC.CD,,,,,,,,,,,,,,,,,,,,,,,,,,,,,,,,,,,,,,,,,191.3523811,173.251535,171.2795649,183.3123665,227.1615802,265.5734917,309.6395776,357.4135599,409.8840527,431.2045395,514.2834571,592.1064774,650.0379364,704.3919887,680.7588274,669.7866181,696.1040916,,,
China,CHN,Domestic general government health expenditure per capita (current US$),SH.XPD.GHED.PC.CD,,,,,,,,,,,,,,,,,,,,,,,,,,,,,,,,,,,,,,,,,9.30734328,10.07018588,12.5586497,15.89859261,19.26512834,23.70418978,28.74104702,38.14680624,59.11920847,80.87106512,97.44536162,127.8229247,158.0218199,187.2304462,211.3030957,236.4186955,231.0931026,,,
Cote d'Ivoire,CIV,Domestic general government health expenditure per capita (current US$),SH.XPD.GHED.PC.CD,,,,,,,,,,,,,,,,,,,,,,,,,,,,,,,,,,,,,,,,,5.20071053,4.61971994,5.32836774,6.15644243,7.10466758,6.79963212,7.32380382,8.64932138,10.34120136,11.22765411,9.88653216,10.25251635,13.27435266,15.75263427,13.65821052,16.46820651,17.41430403,,,
Cameroon,CMR,Domestic general government health expenditure per capita (current US$),SH.XPD.GHED.PC.CD,,,,,,,,,,,,,,,,,,,,,,,,,,,,,,,,,,,,,,,,,4.45171913,5.44881371,6.85184712,8.27584235,7.8180875,7.29992999,7.56451199,7.39071896,8.04026967,9.86216179,10.63291362,15.99663214,9.11872408,9.59209974,8.3590004,9.20075211,8.59672659,,,
"Congo, Dem. Rep.",COD,Domestic general government health expenditure per capita (current US$),SH.XPD.GHED.PC.CD,,,,,,,,,,,,,,,,,,,,,,,,,,,,,,,,,,,,,,,,,0.799664,0.23868972,0.18369216,0.40148444,0.42616242,0.47177193,0.57441189,0.69368681,0.95424212,0.92952859,1.3251209,1.3720345,2.26284114,2.28303009,2.68334594,3.38871265,2.51409612,,,
"Congo, Rep.",COG,Domestic general government health expenditure per capita (current US$),SH.XPD.GHED.PC.CD,,,,,,,,,,,,,,,,,,,,,,,,,,,,,,,,,,,,,,,,,5.78257811,8.84228406,4.22177238,5.51663633,6.14823525,7.72557223,11.64782647,12.93786795,30.99284332,14.06324433,24.80537044,22.56644252,31.27361289,35.3922604,34.7766532,26.61886261,29.75268907,,,
Colombia,COL,Domestic general government health expenditure per capita (current US$),SH.XPD.GHED.PC.CD,,,,,,,,,,,,,,,,,,,,,,,,,,,,,,,,,,,,,,,,,105.9803858,103.5683131,99.60008007,102.9711927,105.3400992,135.3348619,154.9398936,189.0439583,224.3955803,234.3752068,275.5318296,292.1783932,309.6388541,306.1581664,294.2962288,230.961232,215.8524725,,,
Comoros,COM,Domestic general government health expenditure per capita (current US$),SH.XPD.GHED.PC.CD,,,,,,,,,,,,,,,,,,,,,,,,,,,,,,,,,,,,,,,,,5.92044794,4.85677458,7.79118235,8.90879754,9.18667466,8.40474358,8.15486912,8.26772302,7.66835239,6.40551761,6.07631443,14.36156337,7.17091323,8.48534874,8.34414645,7.88354557,8.58791988,,,
Cabo Verde,CPV,Domestic general government health expenditure per capita (current US$),SH.XPD.GHED.PC.CD,,,,,,,,,,,,,,,,,,,,,,,,,,,,,,,,,,,,,,,,,44.23092273,48.13845435,51.98194654,63.58435219,68.10641274,67.64699971,75.69947476,92.45863037,89.17276575,94.86336924,93.7644673,105.2200927,104.406242,108.9462151,107.7602067,107.4905668,90.32774422,,,
Costa Rica,CRI,Domestic general government health expenditure per capita (current US$),SH.XPD.GHED.PC.CD,,,,,,,,,,,,,,,,,,,,,,,,,,,,,,,,,,,,,,,,,164.9868017,171.7176612,189.680035,195.9972451,196.9167819,203.5786961,244.4029786,288.2246347,356.0759058,386.1822937,486.3882706,535.7399123,565.6906163,598.6661082,598.7525354,657.9579725,664.4844497,,,
Caribbean small states,CSS,Domestic general government health expenditure per capita (current US$),SH.XPD.GHED.PC.CD,,,,,,,,,,,,,,,,,,,,,,,,,,,,,,,,,,,,,,,,,124.2687277,117.4744459,134.3574787,136.2155719,165.2255928,172.9357273,191.7038956,211.7445337,236.1444981,233.4626619,246.9111853,257.9622824,267.7641974,285.9016073,277.6664277,314.6622121,309.77345,,,
Cuba,CUB,Domestic general government health expenditure per capita (current US$),SH.XPD.GHED.PC.CD,,,,,,,,,,,,,,,,,,,,,,,,,,,,,,,,,,,,,,,,,151.0034853,160.6036968,171.4289658,180.2672917,185.3734392,280.7856541,330.5924009,512.3549749,553.3859821,618.8553336,550.7791024,616.4785497,518.1214535,617.7678058,772.5634327,878.5207501,869.7039027,,,
Curacao,CUW,Domestic general government health expenditure per capita (current US$),SH.XPD.GHED.PC.CD,,,,,,,,,,,,,,,,,,,,,,,,,,,,,,,,,,,,,,,,,,,,,,,,,,,,,,,,,,,,
Cayman Islands,CYM,Domestic general government health expenditure per capita (current US$),SH.XPD.GHED.PC.CD,,,,,,,,,,,,,,,,,,,,,,,,,,,,,,,,,,,,,,,,,,,,,,,,,,,,,,,,,,,,
Cyprus,CYP,Domestic general government health expenditure per capita (current US$),SH.XPD.GHED.PC.CD,,,,,,,,,,,,,,,,,,,,,,,,,,,,,,,,,,,,,,,,,312.8407358,331.4729095,400.5745421,486.2916682,507.2893719,533.7508956,595.5422898,686.0521321,904.389508,902.8166294,944.5176969,1012.39191,881.3745919,885.2795412,808.3911136,669.9089147,689.7529479,,,
Czech Republic,CZE,Domestic general government health expenditure per capita (current US$),SH.XPD.GHED.PC.CD,,,,,,,,,,,,,,,,,,,,,,,,,,,,,,,,,,,,,,,,,304.1849878,339.774479,438.3821247,560.4603905,653.8027622,726.6837744,805.5387189,930.2439016,1173.890257,1195.379616,1142.118785,1269.271303,1159.099992,1296.553836,1249.225227,1055.909726,1082.120393,,,
Germany,DEU,Domestic general government health expenditure per capita (current US$),SH.XPD.GHED.PC.CD,,,,,,,,,,,,,,,,,,,,,,,,,,,,,,,,,,,,,,,,,1827.555718,1831.824066,1987.679612,2433.519191,2618.879578,2689.00261,2776.65399,3136.489488,3496.219065,3871.075052,3831.771327,4176.689547,3948.945048,4269.118249,4455.151607,3884.460151,3991.603439,,,
Djibouti,DJI,Domestic general government health expenditure per capita (current US$),SH.XPD.GHED.PC.CD,,,,,,,,,,,,,,,,,,,,,,,,,,,,,,,,,,,,,,,,,15.3418825,13.84871315,14.42789932,17.46509592,17.45815111,17.75280129,23.40152483,25.51332157,30.72672243,32.43350331,33.66389133,43.05110488,40.75456457,41.17475333,42.85357006,44.6418879,32.125314,,,
Dominica,DMA,Domestic general government health expenditure per capita (current US$),SH.XPD.GHED.PC.CD,,,,,,,,,,,,,,,,,,,,,,,,,,,,,,,,,,,,,,,,,156.8104645,157.3555758,157.0085209,156.4059601,156.2334724,156.2040328,172.2831128,183.3962937,193.746945,218.5819473,226.5882396,239.1866104,230.6659899,225.5501199,240.6783673,261.3602291,269.469386,,,
Denmark,DNK,Domestic general government health expenditure per capita (current US$),SH.XPD.GHED.PC.CD,,,,,,,,,,,,,,,,,,,,,,,,,,,,,,,,,,,,,,,,,2074.399134,2170.752186,2426.853935,3026.664448,3504.777998,3720.543682,4008.068712,4577.486923,5156.951344,5254.761435,5042.46168,5251.774875,5042.004758,5254.993657,5371.952246,4604.260898,4681.911653,,,
Dominican Republic,DOM,Domestic general government health expenditure per capita (current US$),SH.XPD.GHED.PC.CD,,,,,,,,,,,,,,,,,,,,,,,,,,,,,,,,,,,,,,,,,47.86362706,49.3724677,48.78525755,26.37166122,28.03048891,53.55444263,56.73365752,77.60708407,104.884734,114.677871,135.1486907,157.1221306,165.0863236,169.3227196,158.8530305,160.0347364,189.3820608,,,
Algeria,DZA,Domestic general government health expenditure per capita (current US$),SH.XPD.GHED.PC.CD,,,,,,,,,,,,,,,,,,,,,,,,,,,,,,,,,,,,,,,,,44.11566517,50.69457539,49.81390243,57.84092965,65.72732209,69.49473236,79.5819329,104.9463528,148.391841,147.0164769,158.6969027,202.0945438,243.5381873,234.6187705,257.7184066,204.6869159,176.2653157,,,
East Asia & Pacific (excluding high income),EAP,Domestic general government health expenditure per capita (current US$),SH.XPD.GHED.PC.CD,,,,,,,,,,,,,,,,,,,,,,,,,,,,,,,,,,,,,,,,,10.27184678,10.80075906,13.08036506,16.17883132,18.9654773,22.61790125,27.89951607,36.40649214,52.33599147,67.36806074,80.27503522,103.0904049,125.394571,146.1802816,163.2003904,180.1612741,177.950602,,,
Early-demographic dividend,EAR,Domestic general government health expenditure per capita (current US$),SH.XPD.GHED.PC.CD,,,,,,,,,,,,,,,,,,,,,,,,,,,,,,,,,,,,,,,,,29.81844878,29.89098203,26.38222537,29.09445898,33.30110268,37.49286962,42.94760995,50.53327568,57.29373077,59.66241884,67.28117367,76.7043036,80.96694777,84.27114042,87.13317828,89.47828672,80.30875494,,,
East Asia & Pacific,EAS,Domestic general government health expenditure per capita (current US$),SH.XPD.GHED.PC.CD,,,,,,,,,,,,,,,,,,,,,,,,,,,,,,,,,,,,,,,,,167.9866042,155.8318917,155.4070974,173.3302316,192.2561565,201.1018367,201.4138192,218.2961454,254.4163013,289.8590267,331.4517355,415.358962,441.720553,417.9851372,421.8849088,412.993755,435.7196113,,,
Europe & Central Asia (excluding high income),ECA,Domestic general government health expenditure per capita (current US$),SH.XPD.GHED.PC.CD,,,,,,,,,,,,,,,,,,,,,,,,,,,,,,,,,,,,,,,,,53.51065482,57.37303131,70.31331927,88.97939918,112.3831271,143.3791553,176.1147467,226.1696282,285.847096,253.0069243,269.320753,301.032541,324.7439692,343.8104097,315.5960053,234.5524187,225.9558791,,,
Europe & Central Asia,ECS,Domestic general government health expenditure per capita (current US$),SH.XPD.GHED.PC.CD,,,,,,,,,,,,,,,,,,,,,,,,,,,,,,,,,,,,,,,,,686.8121575,712.1245198,801.519536,997.8572431,1153.427793,1232.807528,1328.032226,1522.999567,1703.337324,1682.871027,1665.717162,1795.59358,1717.484166,1823.537819,1859.689161,1609.580017,1624.96048,,,
Ecuador,ECU,Domestic general government health expenditure per capita (current US$),SH.XPD.GHED.PC.CD,,,,,,,,,,,,,,,,,,,,,,,,,,,,,,,,,,,,,,,,,13.94058374,23.89370995,30.85588652,40.7085209,46.92942754,50.85198911,60.90271166,80.10745055,97.70100417,112.9790594,148.6761668,194.6963348,238.3357287,266.5687071,284.5616926,260.8343893,258.4050616,,,
"Egypt, Arab Rep.",EGY,Domestic general government health expenditure per capita (current US$),SH.XPD.GHED.PC.CD,,,,,,,,,,,,,,,,,,,,,,,,,,,,,,,,,,,,,,,,,25.51942309,24.63031273,23.16372987,16.91312505,17.25169777,20.28226464,25.282368,27.4057634,32.88902539,36.78003867,36.69676963,41.71577028,42.58538179,43.39016,48.66166172,55.42706756,38.37808087,,,
Euro area,EMU,Domestic general government health expenditure per capita (current US$),SH.XPD.GHED.PC.CD,,,,,,,,,,,,,,,,,,,,,,,,,,,,,,,,,,,,,,,,,1313.628832,1351.012188,1496.124523,1875.230665,2133.783484,2245.114354,2388.238679,2704.344055,3042.079856,3100.70962,3016.722287,3205.055812,2990.50045,3137.125109,3206.899928,2750.085799,2861.612518,,,
Eritrea,ERI,Domestic general government health expenditure per capita (current US$),SH.XPD.GHED.PC.CD,,,,,,,,,,,,,,,,,,,,,,,,,,,,,,,,,,,,,,,,,3.30723176,2.98352314,3.30995665,3.00698357,3.46859719,1.82692833,1.88597776,2.98348565,0.8977823,4.91964414,2.54789177,3.28190176,4.20531474,2.23377802,2.82491264,3.27974323,8.73386654,,,
Spain,ESP,Domestic general government health expenditure per capita (current US$),SH.XPD.GHED.PC.CD,,,,,,,,,,,,,,,,,,,,,,,,,,,,,,,,,,,,,,,,,715.5695198,741.635765,830.4941874,1164.258142,1371.078958,1474.627445,1614.77054,1882.495215,2185.276171,2197.102228,2077.758212,2138.99131,1869.347259,1868.223003,1880.681301,1676.433409,1702.507336,,,
Estonia,EST,Domestic general government health expenditure per capita (current US$),SH.XPD.GHED.PC.CD,,,,,,,,,,,,,,,,,,,,,,,,,,,,,,,,,,,,,,,,,159.2474867,167.7657507,190.6247246,267.4510526,336.2439664,388.4819381,449.4627468,629.956678,791.7296284,743.2305979,687.4039824,760.8696806,771.5488543,863.4347755,932.5475364,838.183928,893.894479,,,
Ethiopia,ETH,Domestic general government health expenditure per capita (current US$),SH.XPD.GHED.PC.CD,,,,,,,,,,,,,,,,,,,,,,,,,,,,,,,,,,,,,,,,,2.20957344,2.3852919,2.31107799,2.69994876,1.79770207,2.79061676,2.16904681,3.18043738,1.61052443,3.04336461,2.87194826,1.29000243,4.86668589,5.39293432,3.97625034,6.47192211,7.60112056,,,
European Union,EUU,Domestic general government health expenditure per capita (current US$),SH.XPD.GHED.PC.CD,,,,,,,,,,,,,,,,,,,,,,,,,,,,,,,,,,,,,,,,,1115.583211,1153.118943,1288.423717,1604.980948,1849.799243,1959.722888,2098.670126,2391.194431,2647.038307,2637.424033,2590.225951,2773.687333,2619.953984,2791.367751,2880.51187,2517.737849,2559.594231,,,
Fragile and conflict affected situations,FCS,Domestic general government health expenditure per capita (current US$),SH.XPD.GHED.PC.CD,,,,,,,,,,,,,,,,,,,,,,,,,,,,,,,,,,,,,,,,,10.16488922,10.9832828,9.917972056,10.61680586,13.76426633,14.4268072,15.92941818,20.35182234,24.12938106,26.96886294,25.65012016,25.59719157,20.38346929,20.98504072,22.64042626,20.76822024,19.88376658,,,
Finland,FIN,Domestic general government health expenditure per capita (current US$),SH.XPD.GHED.PC.CD,,,,,,,,,,,,,,,,,,,,,,,,,,,,,,,,,,,,,,,,,1224.629058,1297.544764,1486.72959,1954.593323,2291.083386,2439.553535,2551.214014,2929.104295,3350.820295,3248.589562,3162.427151,3535.984415,3454.230169,3684.001398,3685.897256,3213.098634,3185.112983,,,
Fiji,FJI,Domestic general government health expenditure per capita (current US$),SH.XPD.GHED.PC.CD,,,,,,,,,,,,,,,,,,,,,,,,,,,,,,,,,,,,,,,,,59.17028482,46.08307359,53.88212773,68.30652292,80.06619452,95.7928602,100.5654754,109.061788,100.0715766,80.0264574,86.36381348,89.12092856,94.2669713,96.56788993,113.2893216,110.1386073,114.9676021,,,
France,FRA,Domestic general government health expenditure per capita (current US$),SH.XPD.GHED.PC.CD,,,,,,,,,,,,,,,,,,,,,,,,,,,,,,,,,,,,,,,,,1701.04256,1728.795787,1930.493681,2363.000156,2720.046093,2811.878307,2938.431275,3315.587219,3657.067534,3604.579156,3492.835206,3748.468032,3537.547075,3734.272902,3832.112154,3225.40892,3534.149827,,,
Faroe Islands,FRO,Domestic general government health expenditure per capita (current US$),SH.XPD.GHED.PC.CD,,,,,,,,,,,,,,,,,,,,,,,,,,,,,,,,,,,,,,,,,,,,,,,,,,,,,,,,,,,,
"Micronesia, Fed. Sts.",FSM,Domestic general government health expenditure per capita (current US$),SH.XPD.GHED.PC.CD,,,,,,,,,,,,,,,,,,,,,,,,,,,,,,,,,,,,,,,,,37.91430859,41.0282275,38.3978763,48.33695327,52.36195427,62.61064447,62.57333182,60.12452374,74.16872452,58.85917661,65.6240349,91.22704604,81.31484112,84.58486818,102.429757,97.27356918,107.6559699,,,
Gabon,GAB,Domestic general government health expenditure per capita (current US$),SH.XPD.GHED.PC.CD,,,,,,,,,,,,,,,,,,,,,,,,,,,,,,,,,,,,,,,,,46.6334596,50.2182556,49.21440472,70.21052704,77.29806782,71.07530754,85.55263685,103.025996,107.2406201,117.99058,137.7247448,169.9143366,144.9372466,176.4645223,146.9999387,116.6089667,142.3211442,,,
United Kingdom,GBR,Domestic general government health expenditure per capita (current US$),SH.XPD.GHED.PC.CD,,,,,,,,,,,,,,,,,,,,,,,,,,,,,,,,,,,,,,,,,1367.903961,1418.487311,1609.7044,1918.036596,2352.016044,2513.202247,2745.823651,3126.331879,3049.810921,2788.139602,2803.943951,2949.749394,2951.399921,3362.13121,3668.46846,3496.219642,3175.334765,,,
Georgia,GEO,Domestic general government health expenditure per capita (current US$),SH.XPD.GHED.PC.CD,,,,,,,,,,,,,,,,,,,,,,,,,,,,,,,,,,,,,,,,,5.46522281,5.88515168,6.69630832,10.38180794,13.69614165,17.70615801,21.13118808,26.04170673,47.13454227,52.91377471,55.95266479,50.88969368,62.80336175,78.90083624,96.32182101,99.80826316,112.5910845,,,
Ghana,GHA,Domestic general government health expenditure per capita (current US$),SH.XPD.GHED.PC.CD,,,,,,,,,,,,,,,,,,,,,,,,,,,,,,,,,,,,,,,,,4.69763133,6.69647548,4.96983062,7.05660547,6.99062538,16.7313852,19.20024476,24.64022633,28.98390978,31.78667559,42.06162385,50.83879796,43.56686967,45.21811342,28.59345822,28.91035454,25.89339585,,,
Gibraltar,GIB,Domestic general government health expenditure per capita (current US$),SH.XPD.GHED.PC.CD,,,,,,,,,,,,,,,,,,,,,,,,,,,,,,,,,,,,,,,,,,,,,,,,,,,,,,,,,,,,
Guinea,GIN,Domestic general government health expenditure per capita (current US$),SH.XPD.GHED.PC.CD,,,,,,,,,,,,,,,,,,,,,,,,,,,,,,,,,,,,,,,,,1.7012361,1.94305616,3.56569139,2.71707006,1.5379849,1.53340102,1.31750422,1.8526534,2.08421997,1.70619926,2.47904178,3.13809372,3.36772399,3.54758748,4.54723473,3.12239026,4.60695282,,,
"Gambia, The",GMB,Domestic general government health expenditure per capita (current US$),SH.XPD.GHED.PC.CD,,,,,,,,,,,,,,,,,,,,,,,,,,,,,,,,,,,,,,,,,5.40636823,6.40191844,3.79349166,6.16761206,9.23307188,9.59567338,8.3601757,10.56492016,11.84125415,13.08039038,10.37230477,11.01457153,11.71558929,7.89192419,4.93496875,3.76409944,3.88610619,,,
Guinea-Bissau,GNB,Domestic general government health expenditure per capita (current US$),SH.XPD.GHED.PC.CD,,,,,,,,,,,,,,,,,,,,,,,,,,,,,,,,,,,,,,,,,10.14202748,9.60685273,6.40329978,9.6375107,14.20992239,12.77662628,11.47606868,13.58407477,14.66759831,15.99993883,6.65241835,3.59612233,7.33257792,11.52745326,13.27376157,12.79066679,17.28201058,,,
Equatorial Guinea,GNQ,Domestic general government health expenditure per capita (current US$),SH.XPD.GHED.PC.CD,,,,,,,,,,,,,,,,,,,,,,,,,,,,,,,,,,,,,,,,,10.46713691,8.65577724,8.22606848,15.06053105,27.45998365,32.65223969,48.82051045,66.6440681,98.31011262,76.14687484,54.39201208,60.86465839,89.2389825,92.98882359,79.52235391,65.87096613,66.16160298,,,
Greece,GRC,Domestic general government health expenditure per capita (current US$),SH.XPD.GHED.PC.CD,,,,,,,,,,,,,,,,,,,,,,,,,,,,,,,,,,,,,,,,,539.6345047,627.5778043,695.5360723,925.7422396,1050.318055,1239.887264,1403.19241,1599.592068,1735.125061,1906.398243,1757.170187,1532.211601,1293.63373,1128.037883,994.0024372,851.4136334,917.6352402,,,
Grenada,GRD,Domestic general government health expenditure per capita (current US$),SH.XPD.GHED.PC.CD,,,,,,,,,,,,,,,,,,,,,,,,,,,,,,,,,,,,,,,,,91.11740186,105.4574983,130.5909239,130.2401302,146.1190773,181.6793141,198.9782614,193.6841172,197.6936043,210.0645172,204.6648615,200.3648188,182.0373478,177.8046352,177.2456925,178.3497173,213.4940781,,,
Greenland,GRL,Domestic general government health expenditure per capita (current US$),SH.XPD.GHED.PC.CD,,,,,,,,,,,,,,,,,,,,,,,,,,,,,,,,,,,,,,,,,,,,,,,,,,,,,,,,,,,,
Guatemala,GTM,Domestic general government health expenditure per capita (current US$),SH.XPD.GHED.PC.CD,,,,,,,,,,,,,,,,,,,,,,,,,,,,,,,,,,,,,,,,,29.49100873,32.89627995,35.28875101,37.57837971,39.94663964,40.84789668,48.38258223,51.69979356,59.83630833,59.36616226,57.78794559,63.01491771,64.57450877,75.20797856,81.92822005,75.73078292,89.81812607,,,
Guam,GUM,Domestic general government health expenditure per capita (current US$),SH.XPD.GHED.PC.CD,,,,,,,,,,,,,,,,,,,,,,,,,,,,,,,,,,,,,,,,,,,,,,,,,,,,,,,,,,,,
Guyana,GUY,Domestic general government health expenditure per capita (current US$),SH.XPD.GHED.PC.CD,,,,,,,,,,,,,,,,,,,,,,,,,,,,,,,,,,,,,,,,,32.4759665,33.34645428,37.51622786,38.05341529,39.34033055,41.0139338,36.73163734,41.94178525,42.19131434,44.82388736,52.68851079,66.08671355,79.28503296,95.63572323,108.4695398,94.92234695,113.3169584,,,
High income,HIC,Domestic general government health expenditure per capita (current US$),SH.XPD.GHED.PC.CD,,,,,,,,,,,,,,,,,,,,,,,,,,,,,,,,,,,,,,,,,1456.250167,1508.13316,1623.150543,1861.465224,2068.73705,2187.417251,2317.166551,2528.879963,2750.78419,2844.030816,2937.893254,3195.958861,3180.175263,3217.780704,4107.726711,4001.753703,4140.554616,,,
"Hong Kong SAR, China",HKG,Domestic general government health expenditure per capita (current US$),SH.XPD.GHED.PC.CD,,,,,,,,,,,,,,,,,,,,,,,,,,,,,,,,,,,,,,,,,,,,,,,,,,,,,,,,,,,,
Honduras,HND,Domestic general government health expenditure per capita (current US$),SH.XPD.GHED.PC.CD,,,,,,,,,,,,,,,,,,,,,,,,,,,,,,,,,,,,,,,,,33.29737912,28.47838526,29.08427218,30.57654977,30.17860682,38.6363276,47.39767618,53.46638873,58.51914632,72.0259094,71.43956697,82.569353,73.69578434,68.64524953,71.2568732,69.62223043,91.61283474,,,
Heavily indebted poor countries (HIPC),HPC,Domestic general government health expenditure per capita (current US$),SH.XPD.GHED.PC.CD,,,,,,,,,,,,,,,,,,,,,,,,,,,,,,,,,,,,,,,,,4.917735981,5.243912658,5.079805025,5.699099911,6.639501627,7.994931488,8.968740793,10.4390503,10.95056201,11.62782232,11.55194559,12.27901272,12.48840316,13.21628508,13.78375374,14.77346971,14.89277454,,,
Croatia,HRV,Domestic general government health expenditure per capita (current US$),SH.XPD.GHED.PC.CD,,,,,,,,,,,,,,,,,,,,,,,,,,,,,,,,,,,,,,,,,315.4963463,319.2020309,305.336014,416.534269,506.5465618,617.9804389,690.8355502,899.7844284,1055.318141,983.646466,939.4971976,928.3241186,851.2938944,756.9216703,764.2319104,661.0490068,692.0838371,,,
Haiti,HTI,Domestic general government health expenditure per capita (current US$),SH.XPD.GHED.PC.CD,,,,,,,,,,,,,,,,,,,,,,,,,,,,,,,,,,,,,,,,,6.56051927,5.1668822,3.10383846,2.65440219,4.01668499,4.3608658,2.37331029,7.74240736,8.9090734,8.64915505,9.16545107,5.37594467,5.89905699,6.74009425,6.61862674,6.78196619,5.78500642,,,
Hungary,HUN,Domestic general government health expenditure per capita (current US$),SH.XPD.GHED.PC.CD,,,,,,,,,,,,,,,,,,,,,,,,,,,,,,,,,,,,,,,,,215.5635605,240.6455852,327.5943574,477.8824345,555.9211795,628.055572,628.4018336,680.0944897,756.8677756,641.5346076,655.0030236,704.1733194,623.2053748,655.8945414,671.3247219,590.0839586,620.8227966,,,
IBRD only,IBD,Domestic general government health expenditure per capita (current US$),SH.XPD.GHED.PC.CD,,,,,,,,,,,,,,,,,,,,,,,,,,,,,,,,,,,,,,,,,29.5579971,30.35043001,31.85562567,36.3373064,43.49137828,52.61788744,62.95286141,78.32821024,99.0481888,103.49512,118.5145177,140.4866899,152.4366968,164.1521731,169.5866597,165.541891,157.4877595,,,
IDA & IBRD total,IBT,Domestic general government health expenditure per capita (current US$),SH.XPD.GHED.PC.CD,,,,,,,,,,,,,,,,,,,,,,,,,,,,,,,,,,,,,,,,,24.45744568,25.03750738,26.10518074,29.6585008,35.41941764,42.63670997,50.7870153,62.99932518,79.0732874,82.23358052,93.42534647,110.2020921,119.2375724,128.279829,132.2181407,128.9294072,122.6607796,,,
IDA total,IDA,Domestic general government health expenditure per capita (current US$),SH.XPD.GHED.PC.CD,,,,,,,,,,,,,,,,,,,,,,,,,,,,,,,,,,,,,,,,,4.932011194,4.953436563,5.095895966,5.424122138,6.509577054,7.351803278,8.339477398,10.22023529,11.19908864,10.91953364,11.15509001,12.15470593,13.21946014,13.56523197,14.3051565,14.95479469,14.4490756,,,
IDA blend,IDB,Domestic general government health expenditure per capita (current US$),SH.XPD.GHED.PC.CD,,,,,,,,,,,,,,,,,,,,,,,,,,,,,,,,,,,,,,,,,5.869506568,5.517704974,5.65323142,5.688987814,7.508915148,7.993832875,9.407543434,12.46466765,14.15847376,12.41686476,12.92630431,15.03417452,17.45134126,18.08314914,18.96291433,19.89062188,17.80173522,,,
Indonesia,IDN,Domestic general government health expenditure per capita (current US$),SH.XPD.GHED.PC.CD,,,,,,,,,,,,,,,,,,,,,,,,,,,,,,,,,,,,,,,,,4.89650894,6.3340692,6.62731019,9.46900204,9.35993298,10.04062505,14.33377198,20.55388618,21.22719367,22.27944736,23.70914944,29.07368702,32.15784318,33.54149092,37.55411585,40.44937393,49.89876877,,,
IDA only,IDX,Domestic general government health expenditure per capita (current US$),SH.XPD.GHED.PC.CD,,,,,,,,,,,,,,,,,,,,,,,,,,,,,,,,,,,,,,,,,4.445045936,4.660258087,4.814496163,5.290492019,6.005662787,7.028086659,7.800727915,9.087093731,9.703050678,10.16143425,10.23080481,10.64885719,11.00305009,11.14539959,11.81057173,12.31180339,12.60399774,,,
Isle of Man,IMN,Domestic general government health expenditure per capita (current US$),SH.XPD.GHED.PC.CD,,,,,,,,,,,,,,,,,,,,,,,,,,,,,,,,,,,,,,,,,,,,,,,,,,,,,,,,,,,,
India,IND,Domestic general government health expenditure per capita (current US$),SH.XPD.GHED.PC.CD,,,,,,,,,,,,,,,,,,,,,,,,,,,,,,,,,,,,,,,,,3.83912862,3.74947563,3.68749735,4.13018447,4.52117594,5.58545835,6.08040444,7.51596617,8.59694326,9.83749721,11.85855964,14.06778515,13.72923326,12.97028516,13.5242691,15.11904478,15.94651501,,,
Not classified,INX,Domestic general government health expenditure per capita (current US$),SH.XPD.GHED.PC.CD,,,,,,,,,,,,,,,,,,,,,,,,,,,,,,,,,,,,,,,,,,,,,,,,,,,,,,,,,,,,
Ireland,IRL,Domestic general government health expenditure per capita (current US$),SH.XPD.GHED.PC.CD,,,,,,,,,,,,,,,,,,,,,,,,,,,,,,,,,,,,,,,,,1209.962655,1429.261794,1729.921674,2287.603542,2743.861717,3104.730748,3224.652966,3844.579321,4454.732508,4224.171516,3906.738479,4004.832475,3758.522136,3771.973284,3794.25758,3293.588857,3429.354062,,,
"Iran, Islamic Rep.",IRN,Domestic general government health expenditure per capita (current US$),SH.XPD.GHED.PC.CD,,,,,,,,,,,,,,,,,,,,,,,,,,,,,,,,,,,,,,,,,30.25731223,35.85839161,41.10301752,45.49316978,51.38638194,63.86216563,82.48495538,97.96999824,111.0254622,134.724575,142.64572,175.0229015,178.1716685,159.2496227,192.7788482,195.376792,226.4938859,,,
Iraq,IRQ,Domestic general government health expenditure per capita (current US$),SH.XPD.GHED.PC.CD,,,,,,,,,,,,,,,,,,,,,,,,,,,,,,,,,,,,,,,,,,,,12.76437424,37.94899713,37.36766622,37.64361341,63.7630611,101.7350118,126.5749908,107.4643058,122.2956698,67.10707483,79.38377236,69.54354291,35.90044751,32.24182336,,,
Iceland,ISL,Domestic general government health expenditure per capita (current US$),SH.XPD.GHED.PC.CD,,,,,,,,,,,,,,,,,,,,,,,,,,,,,,,,,,,,,,,,,2327.04462,2055.975712,2506.397321,3224.09598,3659.503265,4262.152285,4154.218923,4980.739032,4025.664438,2996.694324,2956.331775,3144.353794,3018.17592,3286.379635,3634.172278,3460.476318,4127.349484,,,
Israel,ISR,Domestic general government health expenditure per capita (current US$),SH.XPD.GHED.PC.CD,,,,,,,,,,,,,,,,,,,,,,,,,,,,,,,,,,,,,,,,,944.5572893,966.285295,888.2141116,886.1769971,909.0659489,921.5785358,987.3447114,1083.654081,1306.818872,1241.751259,1396.194372,1516.834966,1496.67457,1692.485879,1770.779249,1715.13993,1773.228167,,,
Italy,ITA,Domestic general government health expenditure per capita (current US$),SH.XPD.GHED.PC.CD,,,,,,,,,,,,,,,,,,,,,,,,,,,,,,,,,,,,,,,,,1104.429324,1182.97092,1314.964836,1625.833621,1952.632281,2073.971572,2200.479539,2393.202905,2710.85644,2603.154777,2521.92704,2608.848173,2379.626861,2430.433967,2413.160347,2020.672062,2039.356097,,,
Jamaica,JAM,Domestic general government health expenditure per capita (current US$),SH.XPD.GHED.PC.CD,,,,,,,,,,,,,,,,,,,,,,,,,,,,,,,,,,,,,,,,,108.0317567,82.49651964,100.3092918,79.78158003,118.5758532,95.17979234,111.2131968,126.8155844,147.1434305,125.4499324,142.7098926,153.325696,148.6925646,161.6799255,147.5951339,176.9707407,179.4084002,,,
Jordan,JOR,Domestic general government health expenditure per capita (current US$),SH.XPD.GHED.PC.CD,,,,,,,,,,,,,,,,,,,,,,,,,,,,,,,,,,,,,,,,,71.86054074,77.94483465,82.95925881,80.23390109,73.12592171,100.9551318,104.8160606,130.0395746,179.3465087,222.5896553,205.9026646,214.1976793,199.3047479,180.6293234,194.4166835,147.1604849,141.3351758,,,
Japan,JPN,Domestic general government health expenditure per capita (current US$),SH.XPD.GHED.PC.CD,,,,,,,,,,,,,,,,,,,,,,,,,,,,,,,,,,,,,,,,,2204.170517,2007.604278,1941.678538,2112.669875,2308.462998,2340.139886,2212.181539,2252.600226,2608.335753,2996.361525,3326.401904,4259.971123,4374.525668,3653.679499,3448.382272,3139.383941,3538.209507,,,
Kazakhstan,KAZ,Domestic general government health expenditure per capita (current US$),SH.XPD.GHED.PC.CD,,,,,,,,,,,,,,,,,,,,,,,,,,,,,,,,,,,,,,,,,25.74582654,28.9546137,31.52828597,40.77445664,64.31522498,92.49727423,118.7638018,117.6758511,188.3601037,187.9403054,166.4729791,213.1881817,254.4349609,253.999233,235.5364441,198.9531917,154.0352728,,,
Kenya,KEN,Domestic general government health expenditure per capita (current US$),SH.XPD.GHED.PC.CD,,,,,,,,,,,,,,,,,,,,,,,,,,,,,,,,,,,,,,,,,5.96275447,6.29553311,6.67448948,7.32471129,7.29256948,8.63801077,10.16552651,13.05975077,15.01923406,15.46295989,17.13687761,17.71290048,21.0130384,22.85035333,24.23928451,23.27819637,23.95246096,,,
Kyrgyz Republic,KGZ,Domestic general government health expenditure per capita (current US$),SH.XPD.GHED.PC.CD,,,,,,,,,,,,,,,,,,,,,,,,,,,,,,,,,,,,,,,,,5.94282245,6.1646072,7.14199192,8.68919248,10.26215415,18.41456332,23.28359658,22.60649612,28.28547155,30.56627888,30.19653128,41.56695931,49.8387041,50.93478011,47.6908012,30.50111716,28.49957372,,,
Cambodia,KHM,Domestic general government health expenditure per capita (current US$),SH.XPD.GHED.PC.CD,,,,,,,,,,,,,,,,,,,,,,,,,,,,,,,,,,,,,,,,,3.90008006,4.01865463,5.00343903,5.37761259,5.4779363,5.76805456,5.18237437,6.13984982,7.63919509,8.98713988,10.7076781,11.29473814,13.37931098,14.38957889,13.56015599,15.64084793,16.93820917,,,
Kiribati,KIR,Domestic general government health expenditure per capita (current US$),SH.XPD.GHED.PC.CD,,,,,,,,,,,,,,,,,,,,,,,,,,,,,,,,,,,,,,,,,66.59513039,87.26366606,94.36598885,104.0195533,136.1916857,134.9155323,112.0808872,126.5002052,150.3092654,113.3022202,127.8739789,141.0406087,136.4515571,132.7993715,133.672765,103.7267699,115.6245827,,,
St. Kitts and Nevis,KNA,Domestic general government health expenditure per capita (current US$),SH.XPD.GHED.PC.CD,,,,,,,,,,,,,,,,,,,,,,,,,,,,,,,,,,,,,,,,,186.729546,191.21034,198.9247635,207.9632736,228.3921813,249.9820461,292.1265627,288.420143,277.8488181,300.2921496,296.7120888,307.0054595,308.3243945,316.0519713,344.8265621,341.886111,401.8126086,,,
"Korea, Rep.",KOR,Domestic general government health expenditure per capita (current US$),SH.XPD.GHED.PC.CD,,,,,,,,,,,,,,,,,,,,,,,,,,,,,,,,,,,,,,,,,234.843239,297.8998979,321.124777,377.676082,424.4658137,526.3179222,652.3169801,745.0869207,678.2179414,673.0882818,832.3018583,908.6282675,927.9162923,1009.295338,1122.467087,1134.700807,1209.043661,,,
Kuwait,KWT,Domestic general government health expenditure per capita (current US$),SH.XPD.GHED.PC.CD,,,,,,,,,,,,,,,,,,,,,,,,,,,,,,,,,,,,,,,,,351.3133481,485.3914832,506.4912235,572.3813745,591.6890375,673.9133248,779.9093449,768.7939161,840.0836428,1267.18099,898.4366845,1088.952458,1121.47149,1058.342101,1181.759675,983.0320439,896.2025296,,,
Latin America & Caribbean (excluding high income),LAC,Domestic general government health expenditure per capita (current US$),SH.XPD.GHED.PC.CD,,,,,,,,,,,,,,,,,,,,,,,,,,,,,,,,,,,,,,,,,104.8470424,103.8209924,98.46646027,103.4300984,120.6907487,148.4682472,174.8614553,212.2700466,251.9736482,256.0808151,300.6508299,351.0876778,354.7877537,365.9844116,368.9281379,349.9666633,306.9935145,,,
Lao PDR,LAO,Domestic general government health expenditure per capita (current US$),SH.XPD.GHED.PC.CD,,,,,,,,,,,,,,,,,,,,,,,,,,,,,,,,,,,,,,,,,4.14549326,4.57173148,3.62924503,4.39659758,3.71672578,4.80398001,4.29060207,4.55662617,5.03900198,11.99132915,7.25450512,5.19199491,6.93758792,13.10448351,13.79491727,18.6556248,17.88978896,,,
Lebanon,LBN,Domestic general government health expenditure per capita (current US$),SH.XPD.GHED.PC.CD,,,,,,,,,,,,,,,,,,,,,,,,,,,,,,,,,,,,,,,,,169.8643411,178.4002143,163.0809052,154.7499336,162.6456889,156.3594985,192.7884296,213.7731755,218.2309291,232.4212569,265.9830239,311.6971152,358.2144306,334.4889025,338.4632194,326.0298656,345.183134,,,
Liberia,LBR,Domestic general government health expenditure per capita (current US$),SH.XPD.GHED.PC.CD,,,,,,,,,,,,,,,,,,,,,,,,,,,,,,,,,,,,,,,,,2.25480389,2.41005171,1.50637981,1.2169335,1.95241686,1.66465246,2.30645322,3.14785028,6.26490384,4.46782986,3.97755069,8.72889946,5.28060894,2.18016525,5.58690281,7.81442513,9.7319629,,,
Libya,LBY,Domestic general government health expenditure per capita (current US$),SH.XPD.GHED.PC.CD,,,,,,,,,,,,,,,,,,,,,,,,,,,,,,,,,,,,,,,,,119.2261073,138.3781346,121.1773728,125.7617071,132.8625686,137.2419463,153.5935192,183.4098409,217.5307744,244.8589742,280.3567073,197.8424706,,,,,,,,
St. Lucia,LCA,Domestic general government health expenditure per capita (current US$),SH.XPD.GHED.PC.CD,,,,,,,,,,,,,,,,,,,,,,,,,,,,,,,,,,,,,,,,,99.40860235,100.6052519,102.9913551,100.6910277,103.1087772,111.1224505,119.5442299,123.9287049,135.3411007,148.674565,155.9632577,163.9028205,186.3978918,196.1355366,189.8415837,203.2064751,205.7016472,,,
Latin America & Caribbean,LCN,Domestic general government health expenditure per capita (current US$),SH.XPD.GHED.PC.CD,,,,,,,,,,,,,,,,,,,,,,,,,,,,,,,,,,,,,,,,,109.4600997,108.0500709,102.3849439,107.5031224,125.5424069,153.2322113,180.5372973,218.5057599,259.0490611,263.9522824,309.9227195,361.3172903,367.2824203,380.8306066,383.3146415,364.976272,326.4648705,,,
Least developed countries: UN classification,LDC,Domestic general government health expenditure per capita (current US$),SH.XPD.GHED.PC.CD,,,,,,,,,,,,,,,,,,,,,,,,,,,,,,,,,,,,,,,,,3.53144016,3.790228103,3.859414142,4.377559198,5.229810909,5.886656312,6.872925971,8.210700216,9.268437154,9.360392983,8.642556358,9.22390039,9.937141272,10.71707677,11.28389161,11.20717263,10.82193578,,,
Low income,LIC,Domestic general government health expenditure per capita (current US$),SH.XPD.GHED.PC.CD,,,,,,,,,,,,,,,,,,,,,,,,,,,,,,,,,,,,,,,,,4.068696855,4.529760756,4.609813295,4.999591414,5.546033246,6.26945923,6.421785932,7.217189527,7.674443156,7.155732066,7.203497419,6.863476189,7.408344906,7.191050915,7.401304026,6.801874235,7.902006364,,,
Liechtenstein,LIE,Domestic general government health expenditure per capita (current US$),SH.XPD.GHED.PC.CD,,,,,,,,,,,,,,,,,,,,,,,,,,,,,,,,,,,,,,,,,,,,,,,,,,,,,,,,,,,,
Sri Lanka,LKA,Domestic general government health expenditure per capita (current US$),SH.XPD.GHED.PC.CD,,,,,,,,,,,,,,,,,,,,,,,,,,,,,,,,,,,,,,,,,23.43979632,21.72117219,22.90691137,23.34821698,26.85896397,30.19566382,33.37326475,35.81126922,40.23068728,40.82971052,43.92045806,50.82275547,48.15609861,62.92797705,62.03040801,66.49088732,65.97404606,,,
Lower middle income,LMC,Domestic general government health expenditure per capita (current US$),SH.XPD.GHED.PC.CD,,,,,,,,,,,,,,,,,,,,,,,,,,,,,,,,,,,,,,,,,6.460425298,6.517638488,6.664861945,7.449716446,8.460805629,10.04985704,12.16820851,15.13644674,17.21607054,17.6679406,19.26033496,22.07593567,23.4942065,24.2271745,23.93293653,25.06519562,25.59472304,,,
Low & middle income,LMY,Domestic general government health expenditure per capita (current US$),SH.XPD.GHED.PC.CD,,,,,,,,,,,,,,,,,,,,,,,,,,,,,,,,,,,,,,,,,22.58234235,22.98115109,24.02177586,27.45014921,32.84801302,39.76550865,47.56836333,59.22575735,73.99442099,77.93346737,88.62761894,105.1709819,114.2597105,123.0490778,127.3096006,124.8058796,118.2221164,,,
Lesotho,LSO,Domestic general government health expenditure per capita (current US$),SH.XPD.GHED.PC.CD,,,,,,,,,,,,,,,,,,,,,,,,,,,,,,,,,,,,,,,,,14.34250016,16.38281325,13.21577848,18.30843726,23.93097318,20.10243514,27.72170232,41.64525829,38.7081765,43.0834002,53.59009888,68.9209669,67.65261329,65.54245091,72.91476171,63.50071278,54.56646005,,,
Late-demographic dividend,LTE,Domestic general government health expenditure per capita (current US$),SH.XPD.GHED.PC.CD,,,,,,,,,,,,,,,,,,,,,,,,,,,,,,,,,,,,,,,,,32.52730259,34.51331254,42.20102871,49.13912799,59.14848771,73.64478121,89.09745383,112.846913,148.5373089,157.156451,177.7022007,214.51187,235.6155881,259.154518,272.4278249,260.0267133,255.8995318,,,
Lithuania,LTU,Domestic general government health expenditure per capita (current US$),SH.XPD.GHED.PC.CD,,,,,,,,,,,,,,,,,,,,,,,,,,,,,,,,,,,,,,,,,146.0675054,153.6208133,185.215212,251.828249,229.8248362,266.4615602,334.6683912,463.6348956,662.3048097,621.5272428,572.4356762,650.9049202,597.469152,628.9450536,679.8966152,608.1242334,648.1181336,,,
Luxembourg,LUX,Domestic general government health expenditure per capita (current US$),SH.XPD.GHED.PC.CD,,,,,,,,,,,,,,,,,,,,,,,,,,,,,,,,,,,,,,,,,2366.805263,2563.671539,2959.237736,3795.104207,4653.431966,4820.643787,5003.13349,5609.298847,6525.354428,6529.342307,6313.936609,5948.149767,5905.709686,6237.120424,6409.959964,5212.827172,5092.724678,,,
Latvia,LVA,Domestic general government health expenditure per capita (current US$),SH.XPD.GHED.PC.CD,,,,,,,,,,,,,,,,,,,,,,,,,,,,,,,,,,,,,,,,,92.15301075,99.9082493,117.6500471,139.7773191,220.9349621,245.5230333,339.8621123,471.773942,551.0992353,444.1817369,414.7200004,485.4961085,449.9035825,484.3917267,510.5727792,442.3454641,477.5999127,,,
"Macao SAR, China",MAC,Domestic general government health expenditure per capita (current US$),SH.XPD.GHED.PC.CD,,,,,,,,,,,,,,,,,,,,,,,,,,,,,,,,,,,,,,,,,,,,,,,,,,,,,,,,,,,,
St. Martin (French part),MAF,Domestic general government health expenditure per capita (current US$),SH.XPD.GHED.PC.CD,,,,,,,,,,,,,,,,,,,,,,,,,,,,,,,,,,,,,,,,,,,,,,,,,,,,,,,,,,,,
Morocco,MAR,Domestic general government health expenditure per capita (current US$),SH.XPD.GHED.PC.CD,,,,,,,,,,,,,,,,,,,,,,,,,,,,,,,,,,,,,,,,,13.20517832,14.67371372,17.50934242,21.78224598,25.42312061,25.22826481,40.51357884,55.77515499,62.32001229,73.14959182,67.30470924,72.5743975,72.03534514,79.52820415,80.68835779,69.17375257,80.33456957,,,
Monaco,MCO,Domestic general government health expenditure per capita (current US$),SH.XPD.GHED.PC.CD,,,,,,,,,,,,,,,,,,,,,,,,,,,,,,,,,,,,,,,,,1129.187881,1150.182684,1258.565548,1806.035891,2096.81843,2133.838008,2174.377166,2396.132229,2800.203139,2763.076397,2744.161573,2867.381608,2761.735577,3010.038281,3129.79289,2680.742522,2338.811427,,,
Moldova,MDA,Domestic general government health expenditure per capita (current US$),SH.XPD.GHED.PC.CD,,,,,,,,,,,,,,,,,,,,,,,,,,,,,,,,,,,,,,,,,10.46627459,11.67231119,16.2562923,17.5930196,38.22981483,41.82761571,49.31735417,69.19121641,89.46787131,88.93436404,90.9393406,100.3262676,108.5211449,108.1871039,113.8746666,84.90088497,83.52589378,,,
Madagascar,MDG,Domestic general government health expenditure per capita (current US$),SH.XPD.GHED.PC.CD,,,,,,,,,,,,,,,,,,,,,,,,,,,,,,,,,,,,,,,,,5.57100341,6.67280557,6.07506952,5.70765067,4.66650922,4.88040523,5.59249538,8.26060417,6.54474334,5.01019628,8.81541726,7.98911267,5.78157675,7.05693832,9.2802239,9.50276535,11.49353953,,,
Maldives,MDV,Domestic general government health expenditure per capita (current US$),SH.XPD.GHED.PC.CD,,,,,,,,,,,,,,,,,,,,,,,,,,,,,,,,,,,,,,,,,73.30037194,74.84756315,71.74395514,74.78785377,91.3320292,108.2796093,142.4225115,217.6332312,421.1712469,385.2926918,319.1758916,271.9406398,314.5461989,356.5109696,444.1726734,615.2066727,760.312487,,,
Middle East & North Africa,MEA,Domestic general government health expenditure per capita (current US$),SH.XPD.GHED.PC.CD,,,,,,,,,,,,,,,,,,,,,,,,,,,,,,,,,,,,,,,,,81.12187211,86.84951335,85.35377506,83.76792719,90.3772875,100.6431932,117.6416142,134.9248986,157.926313,179.2805083,181.8474526,214.576865,225.2012145,247.6958571,275.6456131,253.9818565,262.4228595,,,
Mexico,MEX,Domestic general government health expenditure per capita (current US$),SH.XPD.GHED.PC.CD,,,,,,,,,,,,,,,,,,,,,,,,,,,,,,,,,,,,,,,,,140.0081331,154.859715,160.1889748,165.8606572,188.25084,198.5419597,213.6784743,236.8931897,254.5679621,222.0718479,261.1156948,289.0144928,298.5597236,324.8656711,306.2937044,278.0905055,240.8120474,,,
Marshall Islands,MHL,Domestic general government health expenditure per capita (current US$),SH.XPD.GHED.PC.CD,,,,,,,,,,,,,,,,,,,,,,,,,,,,,,,,,,,,,,,,,324.7855787,274.1282793,251.8531769,249.6608719,267.4334793,264.1225627,267.2593418,349.1833055,297.205274,293.3906537,257.9664282,325.4459861,350.2769307,397.7384312,330.5897955,392.4581273,448.163796,,,
Middle income,MIC,Domestic general government health expenditure per capita (current US$),SH.XPD.GHED.PC.CD,,,,,,,,,,,,,,,,,,,,,,,,,,,,,,,,,,,,,,,,,24.12626478,24.542363,25.7824157,29.50856991,35.39264335,42.93927722,51.5323929,64.32102286,80.60019676,85.09657964,96.97450178,115.3953279,125.5413746,135.0258916,139.9088092,137.4122438,129.72748,,,
North Macedonia,MKD,Domestic general government health expenditure per capita (current US$),SH.XPD.GHED.PC.CD,,,,,,,,,,,,,,,,,,,,,,,,,,,,,,,,,,,,,,,,,87.37467697,82.74688612,92.2424655,119.4312291,128.6283799,133.8457202,140.8030851,163.8966404,204.2052845,186.279261,184.9872675,205.3318065,194.2335678,229.9131549,219.7483693,199.3688217,208.3961176,,,
Mali,MLI,Domestic general government health expenditure per capita (current US$),SH.XPD.GHED.PC.CD,,,,,,,,,,,,,,,,,,,,,,,,,,,,,,,,,,,,,,,,,2.81466958,3.16185324,3.42533066,5.36435605,8.74408054,8.82602663,9.71989655,8.99657337,7.31595177,6.21595238,4.5924144,5.81402975,3.63887389,5.78260204,7.51986106,7.30992464,9.41220796,,,
Malta,MLT,Domestic general government health expenditure per capita (current US$),SH.XPD.GHED.PC.CD,,,,,,,,,,,,,,,,,,,,,,,,,,,,,,,,,,,,,,,,,465.0316245,471.2252809,584.7463472,749.4197461,852.1634037,953.2078375,1008.784165,1065.116933,1133.987079,1088.932842,1118.18124,1263.679849,1245.436388,1432.644899,1513.530313,1364.751526,1469.082741,,,
Myanmar,MMR,Domestic general government health expenditure per capita (current US$),SH.XPD.GHED.PC.CD,,,,,,,,,,,,,,,,,,,,,,,,,,,,,,,,,,,,,,,,,0.43445924,0.38360117,0.72892641,0.49781066,0.56628056,0.41297232,0.75261607,0.73997499,0.88590831,1.20350466,1.47131613,2.42903514,4.77227151,6.93781678,12.77910478,13.59937612,12.47704064,,,
Middle East & North Africa (excluding high income),MNA,Domestic general government health expenditure per capita (current US$),SH.XPD.GHED.PC.CD,,,,,,,,,,,,,,,,,,,,,,,,,,,,,,,,,,,,,,,,,32.71664547,35.97099532,37.16975681,36.29167411,41.57897495,46.23787265,55.60033773,68.45592763,84.30116422,95.1202332,97.01980746,111.8836996,110.9620294,112.3001144,123.6784728,112.4530369,121.1392493,,,
Montenegro,MNE,Domestic general government health expenditure per capita (current US$),SH.XPD.GHED.PC.CD,,,,,,,,,,,,,,,,,,,,,,,,,,,,,,,,,,,,,,,,,,,,,,,,,,,,,,,,,398.9023898,,,
Mongolia,MNG,Domestic general government health expenditure per capita (current US$),SH.XPD.GHED.PC.CD,,,,,,,,,,,,,,,,,,,,,,,,,,,,,,,,,,,,,,,,,20.06179946,18.34213433,20.39000959,18.00350327,21.19127437,22.69978012,27.72138024,39.43082069,56.41646203,43.74626828,54.60679349,67.54377294,87.5279438,86.269218,79.8336279,79.60802466,79.74844397,,,
Northern Mariana Islands,MNP,Domestic general government health expenditure per capita (current US$),SH.XPD.GHED.PC.CD,,,,,,,,,,,,,,,,,,,,,,,,,,,,,,,,,,,,,,,,,,,,,,,,,,,,,,,,,,,,
Mozambique,MOZ,Domestic general government health expenditure per capita (current US$),SH.XPD.GHED.PC.CD,,,,,,,,,,,,,,,,,,,,,,,,,,,,,,,,,,,,,,,,,8.16883004,9.13688739,8.37785417,7.82903628,8.92264473,11.47317764,11.22016582,9.27115851,5.76938054,2.44056167,1.79423668,1.03565288,8.55109452,6.1818159,11.71067178,2.20165768,10.24564935,,,
Mauritania,MRT,Domestic general government health expenditure per capita (current US$),SH.XPD.GHED.PC.CD,,,,,,,,,,,,,,,,,,,,,,,,,,,,,,,,,,,,,,,,,3.05419868,3.38313426,5.40070568,5.35477482,5.65917275,7.7003473,8.26179811,10.05123679,13.61633622,11.81714719,11.40710215,13.58265411,15.7095322,19.38859903,20.27952586,20.92083286,17.14234802,,,
Mauritius,MUS,Domestic general government health expenditure per capita (current US$),SH.XPD.GHED.PC.CD,,,,,,,,,,,,,,,,,,,,,,,,,,,,,,,,,,,,,,,,,63.68562624,64.25433139,71.91285928,84.96312388,103.250419,95.25185741,93.86563559,98.61157212,113.535179,117.4955278,162.060728,163.1247968,176.9552808,189.1683796,252.1852415,220.5310725,243.9844805,,,
Malawi,MWI,Domestic general government health expenditure per capita (current US$),SH.XPD.GHED.PC.CD,,,,,,,,,,,,,,,,,,,,,,,,,,,,,,,,,,,,,,,,,3.35067818,2.63535962,3.99411217,4.30412873,3.3119738,4.15578082,3.95580031,3.31258799,7.17886082,6.25442028,7.31344097,8.31033155,5.04324896,6.94715244,7.82298164,9.74151209,8.29870411,,,
Malaysia,MYS,Domestic general government health expenditure per capita (current US$),SH.XPD.GHED.PC.CD,,,,,,,,,,,,,,,,,,,,,,,,,,,,,,,,,,,,,,,,,51.99816707,58.03061508,62.4911956,74.49292933,79.44207573,80.68115168,109.7498965,123.9037952,144.3009628,139.3725071,154.7040126,186.7320553,205.2137888,209.3469371,231.2142676,199.6566111,182.4657085,,,
North America,NAC,Domestic general government health expenditure per capita (current US$),SH.XPD.GHED.PC.CD,,,,,,,,,,,,,,,,,,,,,,,,,,,,,,,,,,,,,,,,,1960.156518,2146.27001,2321.350123,2506.744028,2697.460111,2875.721876,3112.663277,3296.487602,3485.434752,3661.959148,3840.45264,3955.005398,4074.750366,4189.046891,7000.03052,7355.473473,7595.002324,,,
Namibia,NAM,Domestic general government health expenditure per capita (current US$),SH.XPD.GHED.PC.CD,,,,,,,,,,,,,,,,,,,,,,,,,,,,,,,,,,,,,,,,,127.9852437,116.389591,113.5027501,167.887983,209.9422945,208.280303,207.2539923,252.6348127,213.3975473,184.122818,265.4122196,293.8428305,285.3000597,281.4303893,283.1618007,252.1162465,249.2869749,,,
New Caledonia,NCL,Domestic general government health expenditure per capita (current US$),SH.XPD.GHED.PC.CD,,,,,,,,,,,,,,,,,,,,,,,,,,,,,,,,,,,,,,,,,,,,,,,,,,,,,,,,,,,,
Niger,NER,Domestic general government health expenditure per capita (current US$),SH.XPD.GHED.PC.CD,,,,,,,,,,,,,,,,,,,,,,,,,,,,,,,,,,,,,,,,,2.23436436,2.87589932,3.23062506,2.85613717,3.40442356,6.15037828,6.90186752,5.93651779,7.55440306,7.17960414,5.69113361,6.7956284,5.95612372,7.51216465,7.21184543,5.40781806,5.50951516,,,
Nigeria,NGA,Domestic general government health expenditure per capita (current US$),SH.XPD.GHED.PC.CD,,,,,,,,,,,,,,,,,,,,,,,,,,,,,,,,,,,,,,,,,2.94195284,3.06017769,2.4210778,4.59892587,7.89129186,8.32987562,11.1601849,15.28852535,18.28882402,12.51911194,10.43734102,12.18758876,14.99885566,14.66349819,14.36648601,16.08042522,10.33368986,,,
Nicaragua,NIC,Domestic general government health expenditure per capita (current US$),SH.XPD.GHED.PC.CD,,,,,,,,,,,,,,,,,,,,,,,,,,,,,,,,,,,,,,,,,25.7044472,26.31409872,24.47623873,19.3733821,26.72505331,30.74168156,31.98002649,38.89177556,47.93928767,51.44801861,45.34390144,62.18818444,70.79333785,72.76983107,87.05692433,94.66693928,115.4338011,,,
Netherlands,NLD,Domestic general government health expenditure per capita (current US$),SH.XPD.GHED.PC.CD,,,,,,,,,,,,,,,,,,,,,,,,,,,,,,,,,,,,,,,,,1218.497476,1306.020971,1506.074191,1987.325885,2237.287626,2595.147741,3376.574254,3934.290135,4433.805149,4391.058377,4333.392692,4639.685695,4428.485881,4563.365493,4578.263958,3777.885341,3839.930748,,,
Norway,NOR,Domestic general government health expenditure per capita (current US$),SH.XPD.GHED.PC.CD,,,,,,,,,,,,,,,,,,,,,,,,,,,,,,,,,,,,,,,,,2408.760867,2565.977623,3224.190552,3852.758586,4231.674117,4638.149026,4911.310048,5771.659486,6535.643529,6165.485366,6655.481436,7513.967795,7602.645368,7857.194681,7776.915436,6469.649538,6365.950216,,,
Nepal,NPL,Domestic general government health expenditure per capita (current US$),SH.XPD.GHED.PC.CD,,,,,,,,,,,,,,,,,,,,,,,,,,,,,,,,,,,,,,,,,1.33785809,1.62469906,2.17150812,1.95128211,2.12414137,2.76742693,3.34865417,3.23423701,3.58256477,4.3284824,5.43343539,6.14063365,5.87261068,5.66843282,7.05900392,7.5097,8.44496511,,,
Nauru,NRU,Domestic general government health expenditure per capita (current US$),SH.XPD.GHED.PC.CD,,,,,,,,,,,,,,,,,,,,,,,,,,,,,,,,,,,,,,,,,235.0958843,199.6401948,208.0540639,275.3073453,254.92318,293.7176159,317.0879688,408.0598188,446.3084142,297.4244085,375.1125157,378.384693,389.6130657,337.8436484,515.4939816,423.1117364,614.5874669,,,
New Zealand,NZL,Domestic general government health expenditure per capita (current US$),SH.XPD.GHED.PC.CD,,,,,,,,,,,,,,,,,,,,,,,,,,,,,,,,,,,,,,,,,822.2050178,801.9578717,970.8481421,1261.982954,1579.635764,1828.747647,1843.091456,2224.118118,2295.57532,2189.445812,2610.681323,2932.711514,3064.235965,3166.479547,3297.554174,2829.615154,2945.760491,,,
OECD members,OED,Domestic general government health expenditure per capita (current US$),SH.XPD.GHED.PC.CD,,,,,,,,,,,,,,,,,,,,,,,,,,,,,,,,,,,,,,,,,1318.976301,1364.879878,1470.167622,1685.224402,1875.293045,1982.941377,2101.26188,2296.65215,2500.677244,2578.448351,2668.436885,2897.386638,2879.725588,2911.957474,3704.622889,3604.842872,3727.373454,,,
Oman,OMN,Domestic general government health expenditure per capita (current US$),SH.XPD.GHED.PC.CD,,,,,,,,,,,,,,,,,,,,,,,,,,,,,,,,,,,,,,,,,215.4284555,214.3702283,229.080838,238.4864327,246.9089044,263.6732871,268.6515723,311.0912777,350.1771601,386.1642527,437.6179643,438.0073325,465.245949,516.9288362,648.0501486,631.6074454,577.8846298,,,
Other small states,OSS,Domestic general government health expenditure per capita (current US$),SH.XPD.GHED.PC.CD,,,,,,,,,,,,,,,,,,,,,,,,,,,,,,,,,,,,,,,,,141.4679023,140.7827811,144.4057277,198.0317861,228.3804102,247.2080433,261.1216416,306.1692924,328.0950833,310.3681588,321.5037727,356.9654528,373.3583652,412.5563026,447.8253222,422.1392475,412.7891995,,,
Pakistan,PAK,Domestic general government health expenditure per capita (current US$),SH.XPD.GHED.PC.CD,,,,,,,,,,,,,,,,,,,,,,,,,,,,,,,,,,,,,,,,,5.6235214,4.95295997,5.95056959,3.74824635,4.53068141,4.51675198,4.2466071,6.35248946,5.18439039,5.4982364,5.84941944,7.43171782,8.18267472,8.51761857,9.37067052,10.43463139,11.04167951,,,
Panama,PAN,Domestic general government health expenditure per capita (current US$),SH.XPD.GHED.PC.CD,,,,,,,,,,,,,,,,,,,,,,,,,,,,,,,,,,,,,,,,,192.7145637,187.1327294,192.6258984,187.9418081,216.8330944,190.8895413,228.6031446,289.0246183,332.48506,359.3413184,386.3088275,404.3482802,426.8900091,492.7999907,548.700511,579.3251686,682.7036683,,,
Peru,PER,Domestic general government health expenditure per capita (current US$),SH.XPD.GHED.PC.CD,,,,,,,,,,,,,,,,,,,,,,,,,,,,,,,,,,,,,,,,,47.15949947,52.70940348,58.97523495,62.73703516,66.47412616,67.92544421,70.18942994,74.77799762,90.44168897,102.6460929,123.9505655,138.609164,162.9609285,183.0807367,203.0103951,198.133478,202.7537797,,,
Philippines,PHL,Domestic general government health expenditure per capita (current US$),SH.XPD.GHED.PC.CD,,,,,,,,,,,,,,,,,,,,,,,,,,,,,,,,,,,,,,,,,14.55177544,11.4543617,10.12551844,11.67993695,12.21127939,15.42350214,17.62368367,20.53173849,23.30119113,24.35625912,29.2992876,26.10417397,29.68984485,32.30043838,32.37492799,39.16501241,40.82935177,,,
Palau,PLW,Domestic general government health expenditure per capita (current US$),SH.XPD.GHED.PC.CD,,,,,,,,,,,,,,,,,,,,,,,,,,,,,,,,,,,,,,,,,358.967927,324.5932282,298.2882906,310.7088325,347.7295496,324.567668,347.0309314,331.3630443,299.1038659,361.4433192,366.9593063,391.4013302,491.5113691,590.3287285,619.9159477,625.6725385,1000.505325,,,
Papua New Guinea,PNG,Domestic general government health expenditure per capita (current US$),SH.XPD.GHED.PC.CD,,,,,,,,,,,,,,,,,,,,,,,,,,,,,,,,,,,,,,,,,15.78272523,13.21881121,13.20308786,13.01370648,17.32446642,18.74575932,21.03378943,23.53722892,26.03498447,26.03776473,26.0691357,37.03859746,52.2212473,55.5707703,66.20375624,50.62119507,38.60594241,,,
Poland,POL,Domestic general government health expenditure per capita (current US$),SH.XPD.GHED.PC.CD,,,,,,,,,,,,,,,,,,,,,,,,,,,,,,,,,,,,,,,,,162.3556197,198.9413788,220.9420127,232.6969695,264.4510403,319.1078607,361.5136383,460.5743762,635.5653663,544.9824003,577.3648945,615.1519233,569.2044539,620.5477173,632.5041515,556.80123,563.8930306,,,
Pre-demographic dividend,PRE,Domestic general government health expenditure per capita (current US$),SH.XPD.GHED.PC.CD,,,,,,,,,,,,,,,,,,,,,,,,,,,,,,,,,,,,,,,,,4.00620046,4.508193026,4.348288303,5.721677861,8.65729954,9.415397095,11.30051494,14.65857915,18.37544983,17.91598651,15.61928607,17.46502611,16.00402441,17.23828893,17.09126478,15.61093715,13.50962767,,,
Puerto Rico,PRI,Domestic general government health expenditure per capita (current US$),SH.XPD.GHED.PC.CD,,,,,,,,,,,,,,,,,,,,,,,,,,,,,,,,,,,,,,,,,,,,,,,,,,,,,,,,,,,,
"Korea, Dem. People’s Rep.",PRK,Domestic general government health expenditure per capita (current US$),SH.XPD.GHED.PC.CD,,,,,,,,,,,,,,,,,,,,,,,,,,,,,,,,,,,,,,,,,,,,,,,,,,,,,,,,,,,,
Portugal,PRT,Domestic general government health expenditure per capita (current US$),SH.XPD.GHED.PC.CD,,,,,,,,,,,,,,,,,,,,,,,,,,,,,,,,,,,,,,,,,681.5249379,700.1722622,802.219394,998.2366368,1192.590604,1263.951745,1253.100555,1420.361273,1587.916286,1593.822267,1544.047776,1494.489731,1258.012911,1311.293535,1312.984738,1141.053299,1194.944218,,,
Paraguay,PRY,Domestic general government health expenditure per capita (current US$),SH.XPD.GHED.PC.CD,,,,,,,,,,,,,,,,,,,,,,,,,,,,,,,,,,,,,,,,,38.82650878,30.60507699,19.1677358,22.35610533,26.96069085,29.38038852,40.22859367,51.95010135,65.96662855,77.42500483,93.55604864,132.0158164,158.1863274,157.9626482,194.8277533,172.1678231,168.9285747,,,
West Bank and Gaza,PSE,Domestic general government health expenditure per capita (current US$),SH.XPD.GHED.PC.CD,,,,,,,,,,,,,,,,,,,,,,,,,,,,,,,,,,,,,,,,,,,,,,,,,,,,,,,,,,,,
Pacific island small states,PSS,Domestic general government health expenditure per capita (current US$),SH.XPD.GHED.PC.CD,,,,,,,,,,,,,,,,,,,,,,,,,,,,,,,,,,,,,,,,,64.05310369,59.36774553,60.25816814,67.25131962,76.16210267,89.28181123,91.02898839,100.271506,101.1156791,87.48591555,91.71750929,102.9233689,104.169729,107.0782256,110.48708,111.7503725,121.8325473,,,
Post-demographic dividend,PST,Domestic general government health expenditure per capita (current US$),SH.XPD.GHED.PC.CD,,,,,,,,,,,,,,,,,,,,,,,,,,,,,,,,,,,,,,,,,1469.81194,1523.340959,1643.833728,1889.526306,2102.977912,2225.996173,2360.583168,2578.891656,2803.749345,2906.904417,3009.713494,3277.001137,3264.017851,3300.977426,4239.560393,4142.088008,4295.442904,,,
French Polynesia,PYF,Domestic general government health expenditure per capita (current US$),SH.XPD.GHED.PC.CD,,,,,,,,,,,,,,,,,,,,,,,,,,,,,,,,,,,,,,,,,,,,,,,,,,,,,,,,,,,,
Qatar,QAT,Domestic general government health expenditure per capita (current US$),SH.XPD.GHED.PC.CD,,,,,,,,,,,,,,,,,,,,,,,,,,,,,,,,,,,,,,,,,358.4732879,414.8262255,463.5272261,905.0007955,964.1116729,990.928074,993.5898791,988.5145501,991.4942813,938.4434949,893.0196925,1011.332588,1225.369365,1543.167655,1825.426314,1733.482199,1491.390983,,,
Romania,ROU,Domestic general government health expenditure per capita (current US$),SH.XPD.GHED.PC.CD,,,,,,,,,,,,,,,,,,,,,,,,,,,,,,,,,,,,,,,,,55.39739126,62.85804966,77.64548449,119.2417122,140.8247078,203.0520403,230.7381235,338.0774214,422.7591967,353.4869071,377.2519569,319.9131045,308.8088107,391.1290059,397.1672485,344.8299953,372.4622871,,,
Russian Federation,RUS,Domestic general government health expenditure per capita (current US$),SH.XPD.GHED.PC.CD,,,,,,,,,,,,,,,,,,,,,,,,,,,,,,,,,,,,,,,,,56.63672833,68.55965884,82.07148537,95.67618213,122.9697996,166.3038792,217.7514907,286.6157695,381.9425549,320.6986379,348.2511298,429.0015374,484.2217325,506.0126863,458.6322408,294.680882,267.1702482,,,
Rwanda,RWA,Domestic general government health expenditure per capita (current US$),SH.XPD.GHED.PC.CD,,,,,,,,,,,,,,,,,,,,,,,,,,,,,,,,,,,,,,,,,1.66547994,1.64774933,1.74642837,5.67680013,5.19614579,5.26851894,5.34541186,7.52272211,9.67923511,10.69922189,12.18700267,14.38624584,14.57885822,15.35014127,15.94154719,15.43783902,16.28961382,,,
South Asia,SAS,Domestic general government health expenditure per capita (current US$),SH.XPD.GHED.PC.CD,,,,,,,,,,,,,,,,,,,,,,,,,,,,,,,,,,,,,,,,,4.137180276,3.923475247,3.985147262,4.132321685,4.571186646,5.418631771,5.84251163,7.242963606,8.052619454,9.054882801,10.72326236,12.68378015,12.46662905,12.16376939,12.74149138,14.17595457,14.95317654,,,
Saudi Arabia,SAU,Domestic general government health expenditure per capita (current US$),SH.XPD.GHED.PC.CD,,,,,,,,,,,,,,,,,,,,,,,,,,,,,,,,,,,,,,,,,276.962383,279.75251,265.9690533,275.5282955,285.3573,340.2598119,404.5085677,412.747445,378.5958037,448.7470794,435.1153763,591.7600927,694.5020077,774.9275693,916.935425,851.5599511,777.9073914,,,
Sudan,SDN,Domestic general government health expenditure per capita (current US$),SH.XPD.GHED.PC.CD,,,,,,,,,,,,,,,,,,,,,,,,,,,,,,,,,,,,,,,,,5.88006465,6.30754983,7.13765784,9.16523145,13.88530611,18.20639141,25.45319177,37.73538483,34.07258761,45.56604475,35.50076661,28.59950419,26.22258194,20.64052534,29.20127781,49.20961322,29.62231078,,,
Senegal,SEN,Domestic general government health expenditure per capita (current US$),SH.XPD.GHED.PC.CD,,,,,,,,,,,,,,,,,,,,,,,,,,,,,,,,,,,,,,,,,7.56010989,8.98344123,9.25672342,12.50844942,14.84506877,14.79004771,16.95173461,14.22499392,18.65624201,16.93508419,14.52124004,17.16447296,15.60194891,15.68174389,18.94189912,15.81787553,18.18519494,,,
Singapore,SGP,Domestic general government health expenditure per capita (current US$),SH.XPD.GHED.PC.CD,,,,,,,,,,,,,,,,,,,,,,,,,,,,,,,,,,,,,,,,,298.1834736,197.0732249,235.6777052,307.3001965,269.2007353,284.7818644,320.8119499,363.3411882,475.7083773,547.1553798,641.6613036,744.1591904,849.4807715,1001.762031,1132.19005,1214.374507,1342.624304,,,
Solomon Islands,SLB,Domestic general government health expenditure per capita (current US$),SH.XPD.GHED.PC.CD,,,,,,,,,,,,,,,,,,,,,,,,,,,,,,,,,,,,,,,,,45.2302002,58.20240324,45.66693745,41.33340789,42.41534459,64.96358716,58.75817881,62.43768387,70.2442782,56.02547016,54.96241535,68.34038897,63.00808305,63.55034169,68.60577319,68.82109215,73.61877346,,,
Sierra Leone,SLE,Domestic general government health expenditure per capita (current US$),SH.XPD.GHED.PC.CD,,,,,,,,,,,,,,,,,,,,,,,,,,,,,,,,,,,,,,,,,4.22375949,5.77943174,7.09278034,5.86498334,5.58516076,5.02074212,3.49489014,3.85352998,2.57199057,3.62866469,5.07835821,3.95653109,5.34922848,5.7307353,9.47510903,9.63067837,9.64292547,,,
El Salvador,SLV,Domestic general government health expenditure per capita (current US$),SH.XPD.GHED.PC.CD,,,,,,,,,,,,,,,,,,,,,,,,,,,,,,,,,,,,,,,,,79.07797804,79.7499205,85.34918168,86.24248204,92.48805363,103.6662868,120.532098,116.0520919,121.7615957,119.597033,132.6925591,155.8321599,155.2743614,170.0588583,171.7827628,182.1788527,189.4488049,,,
San Marino,SMR,Domestic general government health expenditure per capita (current US$),SH.XPD.GHED.PC.CD,,,,,,,,,,,,,,,,,,,,,,,,,,,,,,,,,,,,,,,,,1482.625315,1527.640685,1540.473344,1750.744102,2263.208912,2337.544091,2493.940527,2946.968794,3426.664059,3346.032045,3235.495305,3485.924486,3301.331627,3274.703619,3142.344293,2524.464469,2421.986836,,,
Somalia,SOM,Domestic general government health expenditure per capita (current US$),SH.XPD.GHED.PC.CD,,,,,,,,,,,,,,,,,,,,,,,,,,,,,,,,,,,,,,,,,,,,,,,,,,,,,,,,,,,,
Serbia,SRB,Domestic general government health expenditure per capita (current US$),SH.XPD.GHED.PC.CD,,,,,,,,,,,,,,,,,,,,,,,,,,,,,,,,,,,,,,,,,36.97342488,74.98530344,125.0532767,160.7519922,186.2197866,201.3310935,232.2089113,333.8902554,415.7930877,354.7773967,332.6502771,378.3887372,347.736916,375.6412474,354.706712,283.3775942,286.7875926,,,
Sub-Saharan Africa (excluding high income),SSA,Domestic general government health expenditure per capita (current US$),SH.XPD.GHED.PC.CD,,,,,,,,,,,,,,,,,,,,,,,,,,,,,,,,,,,,,,,,,10.29534237,9.939868984,8.673813574,12.10466793,16.87550119,18.53213345,21.92916623,25.25414646,26.67347075,26.75425063,30.55944627,34.14599686,34.29067152,32.78022372,31.60089676,30.31643014,27.38572467,,,
South Sudan,SSD,Domestic general government health expenditure per capita (current US$),SH.XPD.GHED.PC.CD,,,,,,,,,,,,,,,,,,,,,,,,,,,,,,,,,,,,,,,,,,,,,,,,,,,,,,,,,,,,
Sub-Saharan Africa,SSF,Domestic general government health expenditure per capita (current US$),SH.XPD.GHED.PC.CD,,,,,,,,,,,,,,,,,,,,,,,,,,,,,,,,,,,,,,,,,10.33048774,9.973733696,8.710213049,12.1440145,16.91605248,18.57264897,21.97079288,25.28986383,26.69872874,26.77525605,30.59124747,34.17622348,34.33291542,32.82194649,31.64364353,30.35941131,27.43749986,,,
Small states,SST,Domestic general government health expenditure per capita (current US$),SH.XPD.GHED.PC.CD,,,,,,,,,,,,,,,,,,,,,,,,,,,,,,,,,,,,,,,,,132.0086095,129.6760985,136.4714447,175.550832,204.3395651,220.5971621,235.033677,272.7794544,294.2746956,280.292761,291.7799672,321.1287993,335.5943964,368.7331723,393.9875667,382.371078,375.9592508,,,
Sao Tome and Principe,STP,Domestic general government health expenditure per capita (current US$),SH.XPD.GHED.PC.CD,,,,,,,,,,,,,,,,,,,,,,,,,,,,,,,,,,,,,,,,,18.93419143,18.26698518,20.57628434,38.82086464,35.5516147,40.25286061,4.52280732,14.78812161,13.92647196,18.766624,23.08903233,29.31992807,29.1371071,43.11793936,42.98777766,27.28768162,41.94377941,,,
Suriname,SUR,Domestic general government health expenditure per capita (current US$),SH.XPD.GHED.PC.CD,,,,,,,,,,,,,,,,,,,,,,,,,,,,,,,,,,,,,,,,,81.48306175,45.41702324,75.02479433,75.67682987,98.46424923,113.3337696,151.5234589,159.4140061,154.0486102,182.3530477,176.9922648,159.5854564,187.8271074,206.6727727,206.3884561,352.4676012,246.9904095,,,
Slovak Republic,SVK,Domestic general government health expenditure per capita (current US$),SH.XPD.GHED.PC.CD,,,,,,,,,,,,,,,,,,,,,,,,,,,,,,,,,,,,,,,,,179.8957666,187.4627463,224.1958505,299.8161268,399.4668228,447.1734712,503.8792251,704.4826366,936.7640561,960.8566596,927.278663,989.9583938,945.2864268,1009.454333,1024.94371,873.9911155,941.0975975,,,
Slovenia,SVN,Domestic general government health expenditure per capita (current US$),SH.XPD.GHED.PC.CD,,,,,,,,,,,,,,,,,,,,,,,,,,,,,,,,,,,,,,,,,568.7339825,582.9942106,684.3631808,865.8231548,985.278056,1046.627092,1106.027064,1259.792475,1566.368369,1524.235195,1458.283865,1550.097426,1399.287541,1444.59791,1452.547593,1266.645547,1325.87342,,,
Sweden,SWE,Domestic general government health expenditure per capita (current US$),SH.XPD.GHED.PC.CD,,,,,,,,,,,,,,,,,,,,,,,,,,,,,,,,,,,,,,,,,1835.817163,1776.067766,2035.959375,2588.262217,2886.712863,2921.568951,3099.320544,3537.528926,3808.670587,3402.854408,3633.250313,5362.689049,5243.53902,5605.98924,5525.897007,4686.234894,4768.654941,,,
Eswatini,SWZ,Domestic general government health expenditure per capita (current US$),SH.XPD.GHED.PC.CD,,,,,,,,,,,,,,,,,,,,,,,,,,,,,,,,,,,,,,,,,42.35444161,36.77645572,34.44075114,63.251314,76.49522095,104.6272393,101.615038,114.406167,126.5987877,135.294181,213.7685699,208.307447,174.0209043,170.0288713,149.3445401,149.8266366,152.8768821,,,
Sint Maarten (Dutch part),SXM,Domestic general government health expenditure per capita (current US$),SH.XPD.GHED.PC.CD,,,,,,,,,,,,,,,,,,,,,,,,,,,,,,,,,,,,,,,,,,,,,,,,,,,,,,,,,,,,
Seychelles,SYC,Domestic general government health expenditure per capita (current US$),SH.XPD.GHED.PC.CD,,,,,,,,,,,,,,,,,,,,,,,,,,,,,,,,,,,,,,,,,286.8345508,283.2687559,301.2340324,340.5351715,365.7811714,374.9293166,390.3397844,348.374021,256.2691249,222.2001549,330.7783558,335.1779149,462.4071889,459.3462455,473.7565305,477.039038,572.8845252,,,
Syrian Arab Republic,SYR,Domestic general government health expenditure per capita (current US$),SH.XPD.GHED.PC.CD,,,,,,,,,,,,,,,,,,,,,,,,,,,,,,,,,,,,,,,,,19.26449766,24.21566061,29.02031843,29.37616913,29.44790828,32.116764,31.05704248,36.14220499,40.5449543,41.34671718,42.21979152,37.60234297,29.94963246,,,,,,,
Turks and Caicos Islands,TCA,Domestic general government health expenditure per capita (current US$),SH.XPD.GHED.PC.CD,,,,,,,,,,,,,,,,,,,,,,,,,,,,,,,,,,,,,,,,,,,,,,,,,,,,,,,,,,,,
Chad,TCD,Domestic general government health expenditure per capita (current US$),SH.XPD.GHED.PC.CD,,,,,,,,,,,,,,,,,,,,,,,,,,,,,,,,,,,,,,,,,3.8695129,4.08542199,5.19801159,5.69837298,9.86638888,9.47510459,7.10873525,8.22974647,7.41635676,7.47256098,7.65446835,8.29345574,6.52149932,18.56285909,12.82605177,8.34546426,5.97882214,,,
East Asia & Pacific (IDA & IBRD countries),TEA,Domestic general government health expenditure per capita (current US$),SH.XPD.GHED.PC.CD,,,,,,,,,,,,,,,,,,,,,,,,,,,,,,,,,,,,,,,,,10.27556305,10.80412112,13.08343182,16.18199948,18.96899554,22.62109301,27.90282279,36.40946654,52.33840329,67.37085036,80.27768665,103.0930214,125.3978501,146.184223,163.2044184,180.1651837,177.9577921,,,
Europe & Central Asia (IDA & IBRD countries),TEC,Domestic general government health expenditure per capita (current US$),SH.XPD.GHED.PC.CD,,,,,,,,,,,,,,,,,,,,,,,,,,,,,,,,,,,,,,,,,65.83929135,72.50290227,85.98604397,104.9494791,129.7346169,163.60113,197.5540432,253.448549,324.116198,285.7088484,302.5933319,334.2375587,350.8107185,371.3786799,346.7234372,265.6966163,258.5272422,,,
Togo,TGO,Domestic general government health expenditure per capita (current US$),SH.XPD.GHED.PC.CD,,,,,,,,,,,,,,,,,,,,,,,,,,,,,,,,,,,,,,,,,1.17515022,1.2703626,1.48866761,1.99046788,2.4417819,2.72612102,3.06449478,3.72526438,4.44199723,5.07086592,8.19215896,8.36828705,9.20801984,8.21158628,8.81719626,7.17040533,7.77303611,,,
Thailand,THA,Domestic general government health expenditure per capita (current US$),SH.XPD.GHED.PC.CD,,,,,,,,,,,,,,,,,,,,,,,,,,,,,,,,,,,,,,,,,36.07839349,33.21036586,45.37984904,50.20546431,55.67963872,60.42117346,78.62507178,99.96921324,118.4047514,115.1319298,131.168188,154.5086651,161.3544088,166.6277347,169.9451373,165.9643635,173.3959257,,,
Tajikistan,TJK,Domestic general government health expenditure per capita (current US$),SH.XPD.GHED.PC.CD,,,,,,,,,,,,,,,,,,,,,,,,,,,,,,,,,,,,,,,,,1.23972531,1.46576708,1.51497686,1.81939342,2.76491249,3.33101656,3.76123592,5.59432218,9.62018113,7.22332746,8.71376464,10.8933787,15.35191096,18.32924664,21.91582209,17.73644844,15.92882858,,,
Turkmenistan,TKM,Domestic general government health expenditure per capita (current US$),SH.XPD.GHED.PC.CD,,,,,,,,,,,,,,,,,,,,,,,,,,,,,,,,,,,,,,,,,35.74792398,42.80920041,45.88684811,66.46054343,73.08545864,72.98254834,68.7172074,73.95159959,40.94063596,47.10979437,53.34492261,71.86318115,85.20902006,107.3595208,118.0250402,97.01857733,78.39662056,,,
Latin America & the Caribbean (IDA & IBRD countries),TLA,Domestic general government health expenditure per capita (current US$),SH.XPD.GHED.PC.CD,,,,,,,,,,,,,,,,,,,,,,,,,,,,,,,,,,,,,,,,,108.1985153,106.5433921,100.4906016,105.5070646,123.7783735,150.109216,176.9142119,212.0463236,252.6502284,256.4334481,304.7844039,356.0222827,363.9508542,375.9534845,375.6843681,355.0027043,315.4273038,,,
Timor-Leste,TLS,Domestic general government health expenditure per capita (current US$),SH.XPD.GHED.PC.CD,,,,,,,,,,,,,,,,,,,,,,,,,,,,,,,,,,,,,,,,,,,6.12242687,6.64622543,7.39518691,9.56005159,10.37593754,4.92772775,20.42568569,21.60756707,26.13787152,32.85915355,41.60598655,52.39934277,49.24085639,56.60056552,44.55055724,,,
Middle East & North Africa (IDA & IBRD countries),TMN,Domestic general government health expenditure per capita (current US$),SH.XPD.GHED.PC.CD,,,,,,,,,,,,,,,,,,,,,,,,,,,,,,,,,,,,,,,,,32.71664547,35.97099532,37.16975681,36.29167411,41.57897495,46.23787265,55.60033773,68.45592763,84.30116422,95.1202332,97.01980746,111.8836996,110.9620294,112.3001144,123.6784728,112.4530369,121.1392493,,,
Tonga,TON,Domestic general government health expenditure per capita (current US$),SH.XPD.GHED.PC.CD,,,,,,,,,,,,,,,,,,,,,,,,,,,,,,,,,,,,,,,,,44.33480151,41.35754274,47.38500255,50.24367507,58.55789442,67.44327667,81.22202622,94.2629755,94.7988757,94.11852719,101.9394763,115.2071495,111.65754,116.320134,117.9079632,104.8147766,133.8696103,,,
South Asia (IDA & IBRD),TSA,Domestic general government health expenditure per capita (current US$),SH.XPD.GHED.PC.CD,,,,,,,,,,,,,,,,,,,,,,,,,,,,,,,,,,,,,,,,,4.137180276,3.923475247,3.985147262,4.132321685,4.571186646,5.418631771,5.84251163,7.242963606,8.052619454,9.054882801,10.72326236,12.68378015,12.46662905,12.16376939,12.74149138,14.17595457,14.95317654,,,
Sub-Saharan Africa (IDA & IBRD countries),TSS,Domestic general government health expenditure per capita (current US$),SH.XPD.GHED.PC.CD,,,,,,,,,,,,,,,,,,,,,,,,,,,,,,,,,,,,,,,,,10.33048774,9.973733696,8.710213049,12.1440145,16.91605248,18.57264897,21.97079288,25.28986383,26.69872874,26.77525605,30.59124747,34.17622348,34.33291542,32.82194649,31.64364353,30.35941131,27.43749986,,,
Trinidad and Tobago,TTO,Domestic general government health expenditure per capita (current US$),SH.XPD.GHED.PC.CD,,,,,,,,,,,,,,,,,,,,,,,,,,,,,,,,,,,,,,,,,102.5074777,122.722366,140.7452063,170.0149072,193.9060225,267.5953929,266.0697366,321.4033256,374.6195804,385.727712,414.9183797,454.9912375,457.1025038,524.0291117,533.1591181,574.2289987,561.6181674,,,
Tunisia,TUN,Domestic general government health expenditure per capita (current US$),SH.XPD.GHED.PC.CD,,,,,,,,,,,,,,,,,,,,,,,,,,,,,,,,,,,,,,,,,58.86640135,60.0040394,65.22388348,77.58523221,86.79119533,87.62424564,94.83590314,109.5081926,126.7318166,128.8850599,135.8201816,154.4647427,155.7091064,170.1367536,169.1539708,152.9164187,145.2722755,,,
Turkey,TUR,Domestic general government health expenditure per capita (current US$),SH.XPD.GHED.PC.CD,,,,,,,,,,,,,,,,,,,,,,,,,,,,,,,,,,,,,,,,,123.03678,103.3147719,130.6405699,169.9699319,214.8053963,247.2107891,287.0340661,352.6786012,414.8497446,402.5477108,420.6737962,420.6963123,415.5068664,432.8119771,409.1365322,355.2029016,367.61715,,,
Tuvalu,TUV,Domestic general government health expenditure per capita (current US$),SH.XPD.GHED.PC.CD,,,,,,,,,,,,,,,,,,,,,,,,,,,,,,,,,,,,,,,,,356.1466507,249.6900476,192.1160377,247.8751671,204.0164717,221.3517772,241.4406813,264.8976319,289.4754521,315.2697701,425.1319172,486.4771018,468.1309029,471.9639159,478.6321734,422.7468973,428.7973608,,,
Tanzania,TZA,Domestic general government health expenditure per capita (current US$),SH.XPD.GHED.PC.CD,,,,,,,,,,,,,,,,,,,,,,,,,,,,,,,,,,,,,,,,,2.69937302,3.91061843,4.84145276,5.68488907,8.00862471,10.07125386,11.0570701,10.09857065,14.30562868,9.63614038,10.02175388,9.2960718,9.49788143,10.69171817,11.47326742,11.05555218,14.42142011,,,
Uganda,UGA,Domestic general government health expenditure per capita (current US$),SH.XPD.GHED.PC.CD,,,,,,,,,,,,,,,,,,,,,,,,,,,,,,,,,,,,,,,,,4.56653498,4.94618643,5.35202514,5.49827817,8.50535996,9.43245224,10.99431021,13.87793496,12.43690342,12.04141917,8.53598397,8.0947576,8.96150176,8.84266108,7.32025095,6.2499361,6.2271061,,,
Ukraine,UKR,Domestic general government health expenditure per capita (current US$),SH.XPD.GHED.PC.CD,,,,,,,,,,,,,,,,,,,,,,,,,,,,,,,,,,,,,,,,,16.62447804,21.90305143,27.0983356,38.42157654,46.6877784,68.30606198,89.63788099,110.0063605,125.2242746,97.95379602,109.4967927,122.5662415,144.9862541,152.480784,86.15331151,58.22028906,59.88135541,,,
Upper middle income,UMC,Domestic general government health expenditure per capita (current US$),SH.XPD.GHED.PC.CD,,,,,,,,,,,,,,,,,,,,,,,,,,,,,,,,,,,,,,,,,41.59182342,42.52989786,45.04910858,51.70565544,62.73978912,76.63536731,92.22403317,115.6236919,147.2964833,156.6474343,180.5302761,216.5331679,237.248768,257.1841415,268.6585877,262.9920861,248.2259285,,,
Uruguay,URY,Domestic general government health expenditure per capita (current US$),SH.XPD.GHED.PC.CD,,,,,,,,,,,,,,,,,,,,,,,,,,,,,,,,,,,,,,,,,285.6798448,300.2410874,206.1318866,198.1690009,194.2324803,198.6823483,280.2085515,339.7478419,450.4715694,482.4447994,615.6202157,752.2329578,849.4213708,989.2348385,999.9641241,956.6380419,988.7257085,,,
United States,USA,Domestic general government health expenditure per capita (current US$),SH.XPD.GHED.PC.CD,,,,,,,,,,,,,,,,,,,,,,,,,,,,,,,,,,,,,,,,,2014.957704,2217.070356,2404.545534,2576.582557,2759.479344,2927.838827,3158.100863,3328.182214,3516.332126,3718.287327,3862.41693,3960.424714,4089.205765,4221.905564,7366.794674,7805.122635,8077.925836,,,
Uzbekistan,UZB,Domestic general government health expenditure per capita (current US$),SH.XPD.GHED.PC.CD,,,,,,,,,,,,,,,,,,,,,,,,,,,,,,,,,,,,,,,,,13.93126798,11.78608327,9.17662754,9.31511226,10.39671329,12.27072436,15.29793635,18.41035364,24.76376607,29.73163213,36.91643642,43.24080272,53.36177274,58.49679546,61.26979336,65.52818414,62.32369484,,,
St. Vincent and the Grenadines,VCT,Domestic general government health expenditure per capita (current US$),SH.XPD.GHED.PC.CD,,,,,,,,,,,,,,,,,,,,,,,,,,,,,,,,,,,,,,,,,110.2600111,117.1656412,126.1407263,123.5190579,125.050624,128.256251,128.3783007,139.6121829,154.9239294,163.5050849,167.9551954,156.4382316,184.3048866,187.1831223,178.51078,181.5034576,192.0630888,,,
"Venezuela, RB",VEN,Domestic general government health expenditure per capita (current US$),SH.XPD.GHED.PC.CD,,,,,,,,,,,,,,,,,,,,,,,,,,,,,,,,,,,,,,,,,87.44085654,95.93350247,64.53607497,55.08828274,75.61219044,94.45086742,122.0025897,167.0171933,210.2478222,232.8746779,254.6111159,251.1857373,235.6114778,214.0336908,312.4990959,601.9374079,,,,
British Virgin Islands,VGB,Domestic general government health expenditure per capita (current US$),SH.XPD.GHED.PC.CD,,,,,,,,,,,,,,,,,,,,,,,,,,,,,,,,,,,,,,,,,,,,,,,,,,,,,,,,,,,,
Virgin Islands (U.S.),VIR,Domestic general government health expenditure per capita (current US$),SH.XPD.GHED.PC.CD,,,,,,,,,,,,,,,,,,,,,,,,,,,,,,,,,,,,,,,,,,,,,,,,,,,,,,,,,,,,
Vietnam,VNM,Domestic general government health expenditure per capita (current US$),SH.XPD.GHED.PC.CD,,,,,,,,,,,,,,,,,,,,,,,,,,,,,,,,,,,,,,,,,8.31554502,8.05140315,9.24695294,9.64575142,12.70942402,15.52005158,17.82829049,20.25261444,25.20269268,26.31027136,33.96378754,37.30109706,48.28239221,55.84914946,48.82234747,48.80669627,58.26556802,,,
Vanuatu,VUT,Domestic general government health expenditure per capita (current US$),SH.XPD.GHED.PC.CD,,,,,,,,,,,,,,,,,,,,,,,,,,,,,,,,,,,,,,,,,36.29687581,34.28379394,35.51979773,39.35226995,41.56180772,40.37809039,43.92996019,52.20308203,59.61667993,51.43925694,55.07619602,75.164831,69.49951122,67.26785992,17.53330133,57.97898593,59.16068393,,,
World,WLD,Domestic general government health expenditure per capita (current US$),SH.XPD.GHED.PC.CD,,,,,,,,,,,,,,,,,,,,,,,,,,,,,,,,,,,,,,,,,272.6706734,280.4386812,298.589402,339.2334014,377.0394386,400.9358168,427.4653448,470.8597927,518.4626467,535.1295109,556.2394483,608.9754505,611.5574742,623.5155957,767.3194073,744.5750779,762.5432873,,,
Samoa,WSM,Domestic general government health expenditure per capita (current US$),SH.XPD.GHED.PC.CD,,,,,,,,,,,,,,,,,,,,,,,,,,,,,,,,,,,,,,,,,52.62868198,47.81981105,57.53234148,57.75878325,72.61528456,86.41121555,97.45417607,105.7940306,124.3418434,138.8297611,144.9674825,149.7556779,160.5287934,166.5077368,182.6146597,176.335053,173.4975434,,,
Kosovo,XKX,Domestic general government health expenditure per capita (current US$),SH.XPD.GHED.PC.CD,,,,,,,,,,,,,,,,,,,,,,,,,,,,,,,,,,,,,,,,,,,,,,,,,,,,,,,,,,,,
"Yemen, Rep.",YEM,Domestic general government health expenditure per capita (current US$),SH.XPD.GHED.PC.CD,,,,,,,,,,,,,,,,,,,,,,,,,,,,,,,,,,,,,,,,,12.78732494,13.27781941,13.17493892,14.54863697,13.53589558,13.47140284,14.66043738,15.57113166,19.29336954,14.31463995,15.21551017,14.73726595,17.63712399,15.47958149,12.90425436,7.33537794,,,,
South Africa,ZAF,Domestic general government health expenditure per capita (current US$),SH.XPD.GHED.PC.CD,,,,,,,,,,,,,,,,,,,,,,,,,,,,,,,,,,,,,,,,,81.59127041,70.80405409,56.52005204,87.03878936,133.4566853,145.3853844,175.0409482,191.5434601,188.7364216,208.7261243,284.7705999,325.1744913,318.6970878,287.1660262,273.8460209,252.132436,230.0554728,,,
Zambia,ZMB,Domestic general government health expenditure per capita (current US$),SH.XPD.GHED.PC.CD,,,,,,,,,,,,,,,,,,,,,,,,,,,,,,,,,,,,,,,,,10.87784093,11.74771618,11.15605027,10.4737286,12.8063807,12.65920714,17.77291759,10.80379469,7.93823682,4.991732,12.31091153,19.7989542,22.51702787,24.24318473,32.91633099,27.58303664,21.65057408,,,
Zimbabwe,ZWE,Domestic general government health expenditure per capita (current US$),SH.XPD.GHED.PC.CD,,,,,,,,,,,,,,,,,,,,,,,,,,,,,,,,,,,,,,,,,,,,,,,,,,,22.06376362,18.24133879,19.70590539,21.07997116,31.1911399,40.82198511,43.68682584,,,